Date,All_sum_tot_postpan,All_sum_tot_prepan,Subways_sum_tot_postpan,Subways_sum_tot_prepan,Buses_sum_tot_postpan,Buses_sum_tot_prepan,LIRR_sum_tot_postpan,LIRR_sum_tot_prepan,Metro_North_sum_tot_postpan,Metro_North_sum_tot_prepan,Access_A_Ride_sum_tot_postpan,Access_A_Ride_sum_tot_prepan,Bridges_and_Tunnels_sum_tot_postpan,Bridges_and_Tunnels_sum_tot_prepan,Staten_Island_Railway_sum_tot_postpan,Staten_Island_Railway_sum_tot_prepan,All_perc_postpan_as_prepan,Subways_perc_postpan_as_prepan,Buses_perc_postpan_as_prepan,LIRR_perc_postpan_as_prepan,Metro_North_perc_postpan_as_prepan,Access_A_Ride_perc_postpan_as_prepan,Bridges_and_Tunnels_perc_postpan_as_prepan,Staten_Island_Railway_perc_postpan_as_prepan,All_pred,Subways_pred,Buses_pred,LIRR_pred,Metro_North_pred,Access_A_Ride_pred,Bridges_and_Tunnels_pred,Staten_Island_Railway_pred
2020-03-01,45217886,46828398.288777545,26995727,27831332.826724287,10926097,11217973.772507686,1549726,1568661.6509124595,963480,1380157.8316317447,161581,148784.53634494235,4537058,4601591.5204874035,84217,79896.15016902138,97.0,97.0,97.0,99.0,70.0,109.0,99.0,105.0,0.0,0.0,0.0,0.0,0.0,0.0,0.0,0.0
2020-03-08,38737276,46837374.88819524,22172954,27839634.878015783,10003887,11213445.308031898,1137883,1566264.1092990402,874800,1379918.411007474,150576,148474.61864061863,4323971,4609907.095058339,73205,79730.46814209207,83.0,80.0,89.0,73.0,63.0,101.0,94.0,92.0,0.0,0.0,0.0,0.0,0.0,0.0,0.0,0.0
2020-03-15,17871838,46660806.53162727,8323858,27704757.54310345,5193964,11188548.617805699,387353,1561584.003411306,736397,1379178.7321169395,82120,148766.96749727288,3127123,4599047.417016071,21023,78923.25067652654,38.0,30.0,46.0,25.0,53.0,55.0,68.0,27.0,0.0,0.0,0.0,0.0,0.0,0.0,0.0,0.0
2020-03-22,6543562,47200406.10843237,3478295,28055608.333333332,266908,11351150.0,130656,1567140.0,694289,1383115.843137255,45751,148541.16045245077,1919667,4614799.660398214,7996,80051.11111111111,14.0,12.0,2.0,8.0,50.0,31.0,42.0,10.0,0.0,0.0,0.0,0.0,0.0,0.0,0.0,0.0
2020-03-29,4800127,48609461.733992234,2535745,27569150.0,146449,12961950.0,66197,1661630.0,303788,1502518.6666666665,38778,146913.314000814,1704542,4683614.039039039,4628,83685.71428571429,10.0,9.0,1.0,4.0,20.0,26.0,36.0,6.0,0.0,0.0,0.0,0.0,0.0,0.0,0.0,0.0
2020-04-05,3955497,45872790.95724159,2112835,27847776.785714284,100271,10027100.0,45138,1504600.0,47217,1573900.0,32705,143350.3692185008,1613697,4692968.8023088025,3634,83095.0,9.0,8.0,1.0,3.0,3.0,23.0,34.0,4.0,0.0,0.0,0.0,0.0,0.0,0.0,0.0,0.0
2020-04-12,3979805,42613165.977907464,2065117,26462733.92857143,82222,8222200.0,42337,1411233.3333333333,47425,1580833.3333333335,33329,144946.16977225672,1705615,4712774.212897108,3760,78445.0,9.0,8.0,1.0,3.0,3.0,23.0,36.0,5.0,0.0,0.0,0.0,0.0,0.0,0.0,0.0,0.0
2020-04-19,4324356,43388782.64988017,2216216,27702700.0,78263,7826300.0,42096,1403200.0,48380,1528808.3333333333,35168,145328.77647714605,1900449,4703325.540069686,3784,79120.0,10.0,8.0,1.0,3.0,3.0,24.0,40.0,5.0,0.0,0.0,0.0,0.0,0.0,0.0,0.0,0.0
2020-04-26,4682730,43346849.1495653,2390352,27849406.944444444,76024,7602400.0,42630,1524333.3333333333,50116,1412708.3333333333,37893,145670.3536833537,2081760,4729415.184770838,3955,82915.0,11.0,9.0,1.0,3.0,4.0,26.0,44.0,5.0,0.0,0.0,0.0,0.0,0.0,0.0,0.0,0.0
2020-05-03,5181138,44880275.98659879,2603902,28932244.444444444,79070,7907000.0,70765,1630398.3333333335,53964,1349100.0,42729,147346.77339901478,2326354,4827106.435421995,4354,87080.0,12.0,9.0,1.0,4.0,4.0,29.0,48.0,5.0,0.0,0.0,0.0,0.0,0.0,0.0,0.0,0.0
2020-05-10,5616933,44477810.32508486,2794822,28526967.777777776,78721,7872100.0,96125,1602083.3333333333,59920,1433320.0,43672,147518.93315018315,2539075,4807113.614156896,4598,88706.66666666667,13.0,10.0,1.0,6.0,4.0,30.0,53.0,5.0,0.0,0.0,0.0,0.0,0.0,0.0,0.0,0.0
2020-05-17,6195502,45385177.457811855,3093283,28662090.0,86194,8619400.0,111351,1590728.5714285714,66676,1461170.0,47996,146305.23966624774,2784740,4817783.646717038,5262,87700.0,14.0,11.0,1.0,7.0,5.0,33.0,58.0,6.0,0.0,0.0,0.0,0.0,0.0,0.0,0.0,0.0
2020-05-24,6181457,40876898.5781675,3040465,25512019.31818182,77639,7763900.0,122740,1389342.5,72209,1292723.3333333333,46606,133785.56501547986,2816659,4712016.506325509,5139,73111.35531135532,15.0,12.0,1.0,9.0,6.0,35.0,60.0,7.0,0.0,0.0,0.0,0.0,0.0,0.0,0.0,0.0
2020-05-31,6943691,45271956.90865904,3492884,28190541.025641028,87640,8764000.0,163884,1671918.888888889,83341,1495126.6666666665,57626,146259.457204316,3051524,4921316.425813697,6792,82794.44444444444,15.0,12.0,1.0,10.0,6.0,39.0,62.0,8.0,0.0,0.0,0.0,0.0,0.0,0.0,0.0,0.0
2020-06-07,8164300,49100645.329476595,4218818,28134961.07142857,127388,12738800.0,214020,1647799.9084249083,103890,1440991.0714285714,64180,146500.13415493563,3427747,4910629.507675971,8257,80963.63636363635,17.0,15.0,1.0,13.0,7.0,44.0,70.0,10.0,0.0,0.0,0.0,0.0,0.0,0.0,0.0,0.0
2020-06-14,8888955,44940298.510996394,4707555,24813037.46130031,136124,12333500.0,239639,1451561.9047619049,121416,1281638.0,68163,135424.56756009947,3606827,4856131.8298993325,9231,69004.74747474748,20.0,19.0,1.0,17.0,9.0,50.0,74.0,13.0,0.0,0.0,0.0,0.0,0.0,0.0,0.0,0.0
2020-06-21,9785576,47133508.21525422,5300343,27898852.690058477,158545,10994400.0,268221,1655922.794117647,130897,1456006.9444444445,73440,146909.32880844647,3843365,4902247.776506521,10765,79168.68131868132,21.0,19.0,1.0,16.0,9.0,50.0,78.0,14.0,0.0,0.0,0.0,0.0,0.0,0.0,0.0,0.0
2020-06-28,9935705,39217152.829666786,5356790,24092057.74891775,149773,7488650.0,298211,1413377.5834193327,147007,1257451.9191919193,73343,132254.9411220963,3900070,4769877.132113727,10511,63483.50490196078,25.0,22.0,2.0,21.0,12.0,55.0,82.0,17.0,0.0,0.0,0.0,0.0,0.0,0.0,0.0,0.0
2020-07-05,10160617,43438029.58729956,5656332,26174524.652738567,159691,9261750.0,310078,1565870.4761904762,152833,1416375.4545454546,80624,141428.816262354,3789292,4808779.147831032,11767,69301.03973168215,23.0,22.0,2.0,20.0,11.0,57.0,79.0,17.0,0.0,0.0,0.0,0.0,0.0,0.0,0.0,0.0
2020-07-12,10876314,44022327.46978728,6121586,26170656.669960476,167289,9849250.0,330792,1590630.0,165072,1401229.7785547785,84789,141792.49082243128,3993679,4799791.71758409,13107,68976.81286549708,25.0,23.0,2.0,21.0,12.0,60.0,83.0,19.0,0.0,0.0,0.0,0.0,0.0,0.0,0.0,0.0
2020-07-19,10807391,45518913.01076325,6084155,26456484.370882742,160527,11035500.0,332189,1581852.3809523808,167591,1422168.7645687645,84737,142185.1812085965,3965180,4812225.792682927,13012,68496.52046783626,24.0,23.0,1.0,21.0,12.0,60.0,82.0,19.0,0.0,0.0,0.0,0.0,0.0,0.0,0.0,0.0
2020-07-26,11119981,43919342.79655827,6270086,26127367.239130434,164981,9744900.0,343402,1589995.0216450216,169140,1433028.2634032634,86702,141652.23860719975,4072456,4813596.115643696,13214,68803.91812865497,25.0,24.0,2.0,22.0,12.0,61.0,85.0,19.0,0.0,0.0,0.0,0.0,0.0,0.0,0.0,0.0
2020-08-02,10917697,43853968.08623002,6266973,25682325.769230768,173883,10165450.0,298259,1551601.6372452872,142933,1375435.0,87436,139705.41994384947,3935069,4871651.593331663,13144,67798.66647844909,25.0,24.0,2.0,19.0,10.0,63.0,81.0,19.0,0.0,0.0,0.0,0.0,0.0,0.0,0.0,0.0
2020-08-09,11515854,42527399.6558522,6541108,25752801.230769232,174798,8739900.0,356468,1563724.3083003953,173909,1402405.9523809524,92791,139743.12318008617,4161514,4861845.26520046,15266,66979.77602108037,27.0,25.0,2.0,23.0,12.0,66.0,86.0,23.0,0.0,0.0,0.0,0.0,0.0,0.0,0.0,0.0
2020-08-16,11858901,42391316.26613802,6764202,25821972.74074074,171996,8599800.0,370475,1570200.378787879,182288,1339678.7545787545,94945,140037.47813033912,4260474,4853024.984670118,14521,66601.9292301901,28.0,26.0,2.0,24.0,14.0,68.0,88.0,22.0,0.0,0.0,0.0,0.0,0.0,0.0,0.0,0.0
2020-08-23,11891807,42563691.55631593,6808329,25988688.547008548,170914,8545700.0,374233,1585824.2753623188,184987,1380697.9487179487,95100,139861.7627407699,4244059,4855971.941741,14185,66947.08074534162,28.0,26.0,2.0,24.0,13.0,68.0,87.0,21.0,0.0,0.0,0.0,0.0,0.0,0.0,0.0,0.0
2020-08-30,17169341,47849591.07533386,7452077,28465419.646723647,4760696,11311988.061531965,403089,1625713.3196457326,196993,1427759.2490842491,97319,146967.81832494767,4243099,4789745.319204605,16068,81997.66081871346,36.0,26.0,42.0,25.0,14.0,66.0,89.0,20.0,0.0,0.0,0.0,0.0,0.0,0.0,0.0,0.0
2020-09-06,16855114,43546383.62453234,7270852,25620216.331283472,4796040,10388550.847176079,427440,1410070.32329399,199320,1232963.7535014006,91858,135980.66162510804,4054467,4686869.297663905,15137,71732.4099883856,39.0,28.0,46.0,30.0,16.0,68.0,87.0,21.0,0.0,0.0,0.0,0.0,0.0,0.0,0.0,0.0
2020-09-13,18772526,48590175.47150888,8387179,28920563.981937602,5432683,11608187.742830712,441068,1621593.5185185187,214543,1451515.8823529412,104428,148328.12774184436,4174934,4754909.313365362,17691,85076.90476190476,39.0,29.0,47.0,27.0,15.0,70.0,88.0,21.0,0.0,0.0,0.0,0.0,0.0,0.0,0.0,0.0
2020-09-20,19026661,48523120.550928466,8541931,28865615.052968904,5492501,11587134.22563984,447715,1645967.4603174604,218584,1437861.9887955182,105879,147872.6920609468,4201499,4752752.312963977,18552,85916.81818181818,39.0,30.0,47.0,27.0,15.0,72.0,88.0,22.0,0.0,0.0,0.0,0.0,0.0,0.0,0.0,0.0
2020-09-27,18819652,48414045.56592451,8491894,28873817.974387497,5419635,11539123.8711951,440704,1620690.6084656084,216992,1427566.5826330532,103554,148323.66236516443,4128574,4717395.810601025,18299,87127.05627705628,39.0,29.0,47.0,27.0,15.0,70.0,88.0,21.0,0.0,0.0,0.0,0.0,0.0,0.0,0.0,0.0
2020-10-04,19348343,47963482.2709043,8813947,28805566.963292547,5607065,11259137.142857142,430183,1570080.5714285714,227082,1455340.0,107711,149183.5077434221,4143498,4635208.566102105,18857,88965.51948051948,40.0,31.0,50.0,27.0,16.0,72.0,89.0,21.0,0.0,0.0,0.0,0.0,0.0,0.0,0.0,0.0
2020-10-11,18204192,48038470.56950234,8363593,28858649.36455068,5120044,11280844.40777567,416587,1579042.5606641122,220731,1432723.8095238095,103410,148572.54255178783,3962529,4650565.089649073,17298,88072.79478721126,38.0,29.0,45.0,26.0,15.0,70.0,85.0,20.0,0.0,0.0,0.0,0.0,0.0,0.0,0.0,0.0
2020-10-18,19512828,47717719.99367358,8980129,28600518.77016129,5628552,11212776.412164867,440604,1573913.9071337348,228746,1448385.8333333335,109864,148862.65995438598,4106049,4645006.783220338,18884,88255.6277056277,41.0,31.0,50.0,28.0,16.0,74.0,88.0,21.0,0.0,0.0,0.0,0.0,0.0,0.0,0.0,0.0
2020-10-25,18866245,47698419.99450593,8798335,28574794.488783833,5343001,11225205.388405468,426846,1558065.588115588,219310,1461678.988095238,108113,149327.9997088255,3953084,4639723.744404503,17556,89623.7969924812,40.0,31.0,48.0,27.0,15.0,72.0,85.0,20.0,0.0,0.0,0.0,0.0,0.0,0.0,0.0,0.0
2020-11-01,18800857,47110808.38956262,8672419,28171292.632663034,5440829,10925688.044947604,427375,1643762.717948718,208864,1411421.848739496,109313,156169.6083043853,3924551,4717515.6855125865,17506,84957.85144679881,40.0,31.0,50.0,26.0,15.0,70.0,83.0,21.0,0.0,0.0,0.0,0.0,0.0,0.0,0.0,0.0
2020-11-08,18810301,42192759.868120536,8797687,24972353.870356794,5348049,9759283.935852107,438960,1412232.6673326674,211291,1247334.727443609,108958,143238.85138966277,3888019,4588001.715739423,17337,70314.10000627392,45.0,35.0,55.0,31.0,17.0,76.0,85.0,25.0,0.0,0.0,0.0,0.0,0.0,0.0,0.0,0.0
2020-11-15,18961636,47079995.20655768,8876243,28091009.879032258,5373530,10966736.761904761,432561,1638501.7094017095,206537,1415387.3214285714,112490,156231.50684931508,3942662,4727429.694607738,17613,84698.33333333333,40.0,32.0,49.0,26.0,15.0,72.0,83.0,21.0,0.0,0.0,0.0,0.0,0.0,0.0,0.0,0.0
2020-11-22,15720925,37422060.0092552,6986203,21939834.302957702,4371640,8556020.622476889,420787,1179613.2879315806,174051,1063941.1309523808,90107,131132.27814746767,3665450,4494788.339656425,12687,56730.04713275726,42.0,32.0,51.0,36.0,16.0,69.0,82.0,22.0,0.0,0.0,0.0,0.0,0.0,0.0,0.0,0.0
2020-11-29,17720271,44774477.50973763,8303120,26835109.731934734,5038798,10234124.82426933,374408,1599758.3333333335,184107,1394653.8461538462,109057,148102.84773993635,3694591,4483223.719957248,16190,79504.20634920636,40.0,31.0,49.0,23.0,13.0,74.0,82.0,20.0,0.0,0.0,0.0,0.0,0.0,0.0,0.0,0.0
2020-12-06,18204173,44332865.82217896,8447072,26726282.77062898,5225897,9972938.062251186,384118,1574241.0,189230,1412107.6923076923,111656,146152.15108731692,3829949,4423000.098284737,16251,78144.04761904762,41.0,32.0,52.0,24.0,13.0,76.0,87.0,21.0,0.0,0.0,0.0,0.0,0.0,0.0,0.0,0.0
2020-12-13,15903800,44380563.532535106,7752038,26753797.847439915,4365050,10014052.790050976,317871,1553900.2337662338,161765,1419278.4432234433,91538,146213.2787585769,3201631,4414972.430524028,13907,78348.50877192982,36.0,29.0,44.0,20.0,11.0,63.0,73.0,18.0,0.0,0.0,0.0,0.0,0.0,0.0,0.0,0.0
2020-12-20,15655995,40037601.90050585,7047208,23873785.993819777,4260940,9035087.82200732,374737,1363037.2150997152,174827,1236647.9853479853,92311,134539.9462924463,3693466,4329453.3138784515,12506,65049.624060150374,39.0,30.0,47.0,27.0,14.0,69.0,85.0,19.0,0.0,0.0,0.0,0.0,0.0,0.0,0.0,0.0
2020-12-27,14577199,39384487.46018414,6536528,23459774.84400657,3972522,8950933.244568037,343902,1342468.97985348,176325,1201536.6106442576,82586,129649.83243741968,3453255,4234751.80840992,12081,65372.14026445424,37.0,28.0,44.0,26.0,15.0,64.0,82.0,18.0,0.0,0.0,0.0,0.0,0.0,0.0,0.0,0.0
2021-01-03,17193687,43641121.220444605,7999465,25972250.215053763,4922471,10255552.707519177,350135,1509449.6376811597,182787,1345980.0,108260,141710.48648384024,3614491,4334090.997432646,16078,82087.17627401838,39.0,31.0,48.0,23.0,14.0,76.0,83.0,20.0,0.0,0.0,0.0,0.0,0.0,0.0,0.0,0.0
2021-01-10,17472300,43351509.88094846,8124803,25716719.166666668,4960016,10206619.926147055,355396,1519169.5652173914,187494,1339495.6043956045,109201,141447.37173352964,3719598,4345790.381291135,15792,82267.86549707603,40.0,32.0,49.0,23.0,14.0,77.0,86.0,19.0,0.0,0.0,0.0,0.0,0.0,0.0,0.0,0.0
2021-01-17,16860054,38400559.38068277,7812811,22518328.97612094,4727539,9080086.009070296,351706,1287768.9257028112,172469,1161579.9413919414,94754,127013.33175612587,3685911,4156940.950576771,14864,68841.24606387765,44.0,35.0,52.0,27.0,15.0,75.0,89.0,22.0,0.0,0.0,0.0,0.0,0.0,0.0,0.0,0.0
2021-01-24,16929999,43479862.761431456,7962185,25854164.036892846,4657827,10212206.322956719,346872,1507761.9071146245,181493,1334954.945054945,97133,141598.45818380432,3669346,4347692.1058484,15143,81484.98538011697,39.0,31.0,46.0,23.0,14.0,69.0,84.0,19.0,0.0,0.0,0.0,0.0,0.0,0.0,0.0,0.0
2021-01-31,13796453,45172251.61492981,6818661,26941287.44324613,3865562,10723532.147485493,240642,1468450.5434782607,148610,1397455.641025641,77690,147553.3467229611,2633264,4412632.726889451,12024,81339.76608187135,31.0,25.0,36.0,16.0,11.0,53.0,60.0,15.0,0.0,0.0,0.0,0.0,0.0,0.0,0.0,0.0
2021-02-07,17824871,45387657.07622024,8477427,27173584.361559138,4979087,10730789.882216223,354115,1513654.528985507,187541,1320876.0989010988,99650,147422.8943656514,3711598,4419113.954155468,15453,82215.35603715171,39.0,31.0,46.0,23.0,14.0,68.0,84.0,19.0,0.0,0.0,0.0,0.0,0.0,0.0,0.0,0.0
2021-02-14,15666160,40440179.63948911,7527188,23944893.675697867,4286605,9553798.430987377,334697,1288557.64160401,167285,1169069.5054945054,82914,134497.0956047736,3253919,4282880.89164119,13552,66482.39845938375,39.0,31.0,45.0,26.0,14.0,62.0,76.0,20.0,0.0,0.0,0.0,0.0,0.0,0.0,0.0,0.0
2021-02-21,18545815,45408811.75175755,8739535,27146078.529334933,5201959,10749454.77359781,369736,1515450.4057971016,195904,1341759.4597069598,107139,147145.85556279158,3914609,4428280.4516130425,16933,80642.27614490772,41.0,32.0,48.0,24.0,15.0,73.0,88.0,21.0,0.0,0.0,0.0,0.0,0.0,0.0,0.0,0.0
2021-02-28,18882264,47079900.3018762,8926875,28078476.74975562,5283929,11194521.463768115,386281,1570084.8333333335,197358,1409579.739010989,107391,149176.57074470917,3963330,4598125.880328365,17100,79935.06493506493,40.0,32.0,47.0,25.0,14.0,72.0,86.0,21.0,0.0,0.0,0.0,0.0,0.0,0.0,0.0,0.0
2021-03-07,19459596,46923196.93238111,9199098,27873882.361566328,5446251,11253187.000887312,399490,1572914.3076923075,213291,1386926.9841269841,110000,148244.73801252822,4073706,4608746.386698318,17760,79295.1533973273,41.0,33.0,48.0,25.0,15.0,74.0,88.0,22.0,0.0,0.0,0.0,0.0,0.0,0.0,0.0,0.0
2021-03-14,19121832,46881628.49017264,9072567,27832573.315939277,5293267,11262130.153887179,395007,1567941.4871794872,207738,1386182.7731092437,103833,149192.04402357957,4032683,4603881.573176727,16737,79727.14285714286,41.0,33.0,47.0,25.0,15.0,70.0,88.0,21.0,0.0,0.0,0.0,0.0,0.0,0.0,0.0,0.0
2021-03-21,19762442,46681369.81403499,9373110,27737341.058377896,5524430,11183337.923969587,414859,1560097.0370370368,218870,1367690.2777777778,106236,148372.3517399813,4106703,4603846.975409387,18234,80684.18972332016,42.0,34.0,49.0,27.0,16.0,72.0,89.0,23.0,0.0,0.0,0.0,0.0,0.0,0.0,0.0,0.0
2021-03-28,18997125,46832666.161173925,9031758,27879579.84805359,5066145,11109451.428916829,419630,1553700.4244733555,222542,1411116.57239819,99265,146882.05795278016,4140571,4651454.233343631,17214,80481.5960355434,41.0,32.0,46.0,27.0,16.0,68.0,89.0,21.0,0.0,0.0,0.0,0.0,0.0,0.0,0.0,0.0
2021-04-04,20626029,46638591.902516946,9786408,27797877.7994228,5738357,10909746.888942644,432050,1543035.7142857143,236585,1442236.111111111,109691,144708.62667631544,4304246,4719703.376985195,18692,81283.3850931677,44.0,35.0,53.0,28.0,16.0,76.0,91.0,23.0,0.0,0.0,0.0,0.0,0.0,0.0,0.0,0.0
2021-04-11,20567480,46829594.310159035,9861704,28015229.833710715,5724698,10882664.926243568,425956,1554728.7545787545,236213,1441612.9179566563,110212,144646.21216928159,4190408,4709061.545511355,18289,81650.11998870694,44.0,35.0,53.0,27.0,16.0,76.0,89.0,22.0,0.0,0.0,0.0,0.0,0.0,0.0,0.0,0.0
2021-04-18,21094491,46810683.050656796,10121325,27963472.464228936,5861931,10936542.9245283,440174,1549908.0742565226,243223,1431898.5294117648,111048,144961.95297849685,4297659,4702136.032130246,19131,81763.07312252965,45.0,36.0,54.0,28.0,17.0,77.0,91.0,23.0,0.0,0.0,0.0,0.0,0.0,0.0,0.0,0.0
2021-04-25,21440087,46770466.193906315,10320861,27897288.86361781,5934406,10949259.121062376,452716,1539747.1264367816,249222,1449978.0882352942,112621,144743.00972999603,4350873,4708656.368882028,19388,80793.61594202899,46.0,37.0,54.0,29.0,17.0,78.0,92.0,24.0,0.0,0.0,0.0,0.0,0.0,0.0,0.0,0.0
2021-05-02,21863781,48292057.46784759,10603600,28817499.139416866,6032477,11382032.348979997,472066,1584124.360632184,257791,1447136.1811391222,114212,147184.53568237397,4363864,4827375.220178871,19771,86705.68181818182,45.0,37.0,53.0,30.0,18.0,78.0,90.0,23.0,0.0,0.0,0.0,0.0,0.0,0.0,0.0,0.0
2021-05-09,22152431,47904636.95733628,10750664,28441815.97744361,6022444,11362062.095692977,501033,1606220.9072580645,274178,1443643.7095412328,113324,147157.59519414912,4470443,4816789.570756964,20345,86947.10144927536,46.0,38.0,53.0,31.0,19.0,77.0,93.0,23.0,0.0,0.0,0.0,0.0,0.0,0.0,0.0,0.0
2021-05-16,22529560,48044826.650944725,11031529,28586602.231293526,6092770,11367430.93409119,520331,1605833.1062043586,289282,1434128.4649122807,113109,146879.92655070953,4461156,4817715.392574932,21383,86236.59531772575,47.0,39.0,54.0,32.0,20.0,77.0,93.0,25.0,0.0,0.0,0.0,0.0,0.0,0.0,0.0,0.0
2021-05-23,22914204,47984884.69431016,11250322,28555006.622424487,6069141,11366315.027972028,561020,1593981.6723216723,302429,1426843.3445273263,112981,147122.80821917808,4596281,4808135.048153038,22030,87480.17069243157,48.0,39.0,53.0,35.0,21.0,77.0,96.0,25.0,0.0,0.0,0.0,0.0,0.0,0.0,0.0,0.0
2021-05-30,21484249,42122047.43201041,10536176,24842389.62833914,5485524,9580155.069784518,536869,1434596.663955905,402506,1283404.030715022,102782,133980.78168796326,4400537,4779006.959003363,19855,68514.29852449661,51.0,42.0,57.0,37.0,31.0,77.0,92.0,29.0,0.0,0.0,0.0,0.0,0.0,0.0,0.0,0.0
2021-06-06,23706204,47003446.61486255,11816958,28003028.583509512,6133462,10722246.090235218,559856,1656806.3019904932,453928,1473826.061827957,115149,146881.80277485074,4604184,4919693.991455733,22667,80963.78306878307,50.0,42.0,57.0,34.0,31.0,78.0,94.0,28.0,0.0,0.0,0.0,0.0,0.0,0.0,0.0,0.0
2021-06-13,24512681,42398816.86930896,12336925,24943286.75468079,6259192,9670824.164841997,596467,1423237.9945945945,485181,1289592.9068914955,115599,134886.20211292888,4695904,4868055.451056769,23413,68933.39513039179,58.0,49.0,65.0,42.0,38.0,86.0,96.0,34.0,0.0,0.0,0.0,0.0,0.0,0.0,0.0,0.0
2021-06-20,24372892,47150717.52068019,12302009,28092493.616287094,6091015,10761886.452044448,610214,1658154.6230440966,496287,1485968.9616755792,112270,146578.38882423853,4737064,4924437.1512979865,24033,81198.32750675354,52.0,44.0,57.0,37.0,33.0,77.0,96.0,30.0,0.0,0.0,0.0,0.0,0.0,0.0,0.0,0.0
2021-06-27,23078344,46248227.27991453,11530994,27468815.908084165,5686805,10609541.125087352,591881,1626185.5855855856,483036,1454361.0628342247,108616,144104.8260480539,4654399,4868998.723543752,22613,76220.04873139467,50.0,42.0,54.0,36.0,33.0,75.0,96.0,30.0,0.0,0.0,0.0,0.0,0.0,0.0,0.0,0.0
2021-07-04,21955976,40306105.26472981,10917412,23389783.509689286,5466836,9376909.979810638,554560,1365475.1254826253,440886,1244406.545524368,100161,129991.29110934828,4455288,4740574.630182313,20833,58964.18293123701,54.0,47.0,58.0,41.0,35.0,77.0,94.0,35.0,0.0,0.0,0.0,0.0,0.0,0.0,0.0,0.0
2021-07-11,24405992,44576054.441800594,12338704,26248751.78937483,6165574,10310138.725586856,613383,1580985.4487179487,515682,1416674.1334191333,112073,141490.0244695043,4636043,4809104.651796655,24533,68909.66843567463,55.0,47.0,60.0,39.0,36.0,79.0,96.0,36.0,0.0,0.0,0.0,0.0,0.0,0.0,0.0,0.0
2021-07-18,24551131,44828070.14167473,12428807,26444574.843254518,6151222,10356166.948209874,631741,1587387.5577663672,518619,1409328.232179548,110790,141310.84189690754,4685386,4820280.313138753,24566,69021.40522875817,55.0,47.0,59.0,40.0,37.0,78.0,97.0,36.0,0.0,0.0,0.0,0.0,0.0,0.0,0.0,0.0
2021-07-25,24452202,44803973.46020318,12327599,26451877.32020716,6185500,10344439.393915307,637127,1577205.7786233877,502433,1419727.4096174096,109955,141713.05023228805,4665183,4799676.960026436,24405,69333.54758119464,55.0,47.0,60.0,40.0,35.0,78.0,97.0,35.0,0.0,0.0,0.0,0.0,0.0,0.0,0.0,0.0
2021-08-01,24528114,43903150.95692348,12395361,25825646.32086168,6210078,10081236.743975222,617037,1566281.713900135,504438,1363559.530583215,111052,139526.06200084818,4665474,4859872.513585374,24674,67028.0720170039,56.0,48.0,62.0,39.0,37.0,80.0,96.0,37.0,0.0,0.0,0.0,0.0,0.0,0.0,0.0,0.0
2021-08-08,24040988,43649282.48348756,12086268,25605419.231678486,6088118,10046471.727809696,595683,1567803.6740890688,468345,1361574.043799338,110720,139453.54839700196,4667758,4861994.40897049,24096,66565.84874348032,55.0,47.0,61.0,38.0,34.0,79.0,96.0,36.0,0.0,0.0,0.0,0.0,0.0,0.0,0.0,0.0
2021-08-15,23902608,43713128.093334705,12056834,25651876.37115839,5968292,10081573.31287746,603931,1556775.6039136301,494296,1365570.9903401854,108336,139603.94844353176,4646730,4850529.036192147,24189,67198.83040935673,55.0,47.0,59.0,39.0,36.0,78.0,96.0,36.0,0.0,0.0,0.0,0.0,0.0,0.0,0.0,0.0
2021-08-22,23600310,43811148.17109292,11881636,25718792.12806862,5874263,10093901.536145087,609718,1563837.635646339,457426,1369459.6012305217,108118,139714.09702577215,4645494,4858584.702850212,23655,66858.47012636486,54.0,46.0,58.0,39.0,33.0,77.0,96.0,35.0,0.0,0.0,0.0,0.0,0.0,0.0,0.0,0.0
2021-08-29,22831276,46631764.16500005,11199982,27622171.28835947,5926128,10962597.023606319,629106,1608335.5516334441,423474,1411657.1222587351,106590,145287.58756653263,4524290,4803388.699023658,21706,78326.89255189255,49.0,41.0,54.0,39.0,30.0,73.0,94.0,28.0,0.0,0.0,0.0,0.0,0.0,0.0,0.0,0.0
2021-09-05,23212561,43539787.08165436,11827837,25559425.62881394,5600985,10413572.503952581,641693,1409878.7833623067,501208,1265769.0668980144,100264,135764.7329743345,4517830,4683758.972778848,22744,71617.392874338,53.0,46.0,54.0,46.0,40.0,74.0,96.0,32.0,0.0,0.0,0.0,0.0,0.0,0.0,0.0,0.0
2021-09-12,27544146,48635756.25419325,14414495,28942273.73697731,7122558,11601622.50364331,702775,1641951.725122423,586478,1451811.7918353893,113104,148436.10298943633,4574082,4764495.032953229,30654,85165.36067215184,57.0,50.0,61.0,43.0,40.0,76.0,96.0,36.0,0.0,0.0,0.0,0.0,0.0,0.0,0.0,0.0
2021-09-19,28494516,48627964.550347075,15060489,28961917.655270655,7446470,11599156.209172772,713547,1629017.642706131,598283,1445264.8089700995,112417,148310.44767844767,4529934,4758716.078466836,33376,85581.7080821317,59.0,52.0,64.0,44.0,41.0,76.0,95.0,39.0,0.0,0.0,0.0,0.0,0.0,0.0,0.0,0.0
2021-09-26,28636175,48342855.61256772,15174545,28740215.60246191,7469069,11563059.254807692,709666,1620766.379408705,597843,1444134.0940766549,112912,148586.90570369526,4538380,4739849.713105408,33760,86243.66300366301,59.0,53.0,65.0,44.0,41.0,76.0,96.0,39.0,0.0,0.0,0.0,0.0,0.0,0.0,0.0,0.0
2021-10-03,29052794,47768441.891405396,15455715,28622574.506734006,7448670,11252518.586747367,756291,1562581.037414966,614039,1448250.1661129568,118042,149062.43794722448,4625489,4643946.77114049,34548,89508.3853083853,61.0,54.0,66.0,48.0,42.0,79.0,100.0,39.0,0.0,0.0,0.0,0.0,0.0,0.0,0.0,0.0
2021-10-10,28229857,48033077.604037225,14991705,28840604.87123987,7090471,11295611.41811866,743139,1574261.6921768708,618911,1453150.2859543557,112556,148856.54864699795,4640530,4631289.893163633,32545,89302.8947368421,59.0,52.0,63.0,47.0,43.0,76.0,100.0,36.0,0.0,0.0,0.0,0.0,0.0,0.0,0.0,0.0
2021-10-17,29527031,47963498.121468976,15888931,28783644.85878157,7445806,11282159.3624637,757965,1572645.3527062999,642314,1446616.6666666665,116181,148572.11968972028,4640831,4640541.972176367,35003,89317.78898465677,62.0,55.0,66.0,48.0,44.0,78.0,100.0,39.0,0.0,0.0,0.0,0.0,0.0,0.0,0.0,0.0
2021-10-24,28736929,47874298.36110675,15615901,28710181.80162187,7140645,11261732.796656081,757195,1571511.0572033692,614955,1457094.996308601,114379,149319.35433616044,4460294,4635698.860790604,33560,88759.49419007558,60.0,54.0,63.0,48.0,42.0,77.0,96.0,38.0,0.0,0.0,0.0,0.0,0.0,0.0,0.0,0.0
2021-10-31,29011284,47202584.8403562,15754013,28223635.92893096,7157727,10947534.419335548,761971,1642124.0739027648,639859,1428224.1641388608,113770,155409.8656019011,4550132,4720258.770405292,33812,85397.61804087384,61.0,56.0,65.0,46.0,45.0,73.0,96.0,40.0,27596488.435815778,14887608.344112363,6781015.672791115,707300.3608525234,611725.255267026,101445.8760411563,4477277.7980565075,30115.12869508411
2021-11-07,28898000,42393821.18606051,15777899,25172163.21761772,7042738,9753033.882219337,761215,1409005.2260530894,640187,1247409.121799782,112692,143944.6181490393,4529651,4597441.0183429625,33618,70824.10187857592,68.0,63.0,72.0,54.0,51.0,78.0,99.0,47.0,27631750.788008727,14915999.571020424,6778399.996037152,710990.7177348234,615033.6212040272,101946.02354633245,4479227.058809459,30153.799656504034
2021-11-14,30174542,47113780.71728715,16550130,28149752.753416352,7366539,10930153.168732377,789914,1645699.8872375037,660307,1435577.8903162056,117031,156036.9866833107,4654551,4711484.121810492,36070,85075.90909090909,64.0,59.0,67.0,48.0,46.0,75.0,99.0,42.0,27667013.140201673,14944390.797928488,6775784.319283189,714681.0746171232,618341.9871410283,102446.17105150859,4481176.319562411,30192.47061792396
2021-11-21,24462125,37363154.7320988,12949213,21897213.71909542,5539877,8568333.96286131,738333,1177371.411206588,582421,1061882.2073697448,91553,131399.97477354915,4534854,4469967.232142857,25874,56986.22464933441,65.0,59.0,65.0,63.0,55.0,70.0,101.0,45.0,27702275.492394622,14972782.02483655,6773168.642529226,718371.4314994232,621650.3530780295,102946.31855668474,4483125.580315363,30231.14157934388
2021-11-28,29563653,45526815.64815817,16262633,27332019.8765579,7145804,10413053.099370135,795278,1596396.0710371104,652186,1405414.6639393878,111998,149972.2834436805,4560940,4549156.36680117,34814,80803.2870087878,65.0,60.0,69.0,50.0,46.0,75.0,100.0,43.0,27737537.84458757,15001173.251744611,6770552.965775263,722061.7883817231,624958.7190150307,103446.46606186089,4485074.841068313,30269.812540763804
2021-12-05,29941489,44344429.17561222,16733437,26728556.533746973,7118531,9998224.753567064,771828,1581644.0476190476,642385,1390499.8180696885,112694,145600.0951417004,4528059,4422096.833177308,34555,77807.0942904382,68.0,63.0,71.0,49.0,46.0,77.0,102.0,44.0,27772800.196780518,15029564.478652673,6767937.289021299,725752.1452640231,628267.0849520317,103946.61356703703,4487024.101821265,30308.483502183728
2021-12-12,29085493,44407153.65988591,15969075,26795297.805728283,6961669,9973502.926490735,760275,1584031.8433895297,638439,1400262.9782453324,114553,146113.64230414864,4607234,4429745.023434799,34248,78199.44029308847,65.0,60.0,70.0,48.0,46.0,78.0,104.0,44.0,27808062.548973463,15057955.705560736,6765321.612267337,729442.502146323,631575.4508890329,104446.76107221318,4488973.362574217,30347.154463603652
2021-12-19,23274181,39934375.66192279,12110279,23823359.225982778,5743513,8978446.874828262,589928,1378442.2235422235,471070,1222635.3527553526,94991,134797.75213088645,4239766,4330779.715357639,24634,65914.51732565244,58.0,51.0,64.0,43.0,39.0,70.0,98.0,37.0,27843324.901166413,15086346.932468798,6762705.935513373,733132.859028623,634883.8168260341,104946.90857738933,4490922.623327169,30385.825425023577
2021-12-26,19346729,39907324.92378369,10169149,23762762.94728819,4393352,9016680.886521367,531065,1365321.8810601165,447810,1223574.4030494823,76222,135124.64421963308,3710523,4338227.970075276,18608,65632.19156962441,48.0,43.0,49.0,39.0,37.0,56.0,86.0,28.0,27878587.25335936,15114738.15937686,6760090.25875941,736823.215910923,638192.1827630353,105447.05608256547,4492871.88408012,30424.4963864435
2022-01-02,20909380,43422718.72486356,11238640,25777987.074563235,5188774,10214808.592203885,499228,1512449.714795009,399181,1348672.9567832572,86082,141614.29465896374,3474969,4345033.08096206,22506,82153.01089714882,48.0,44.0,51.0,33.0,30.0,61.0,80.0,27.0,27913849.60555231,15143129.386284921,6757474.582005447,740513.5727932228,641500.5487000364,105947.20358774162,4494821.144833072,30463.167347863422
2022-01-09,22988947,43282475.90159084,12120094,25677463.40915813,5773052,10200405.012798222,553581,1504341.3544863544,434014,1339979.7972370766,94131,141352.7956775302,3989536,4336571.839612092,24539,82361.69262143123,53.0,47.0,57.0,37.0,32.0,67.0,92.0,30.0,27949111.957745254,15171520.613192985,6754858.905251484,744203.9296755228,644808.9146370376,106447.35109291777,4496770.405586024,30501.838309283346
2022-01-16,22458342,38673342.6739946,11894488,22770864.983011387,5536818,9087421.324143693,571671,1288105.542861526,419995,1163790.2736934249,86955,126407.10308596876,3925467,4168643.7346590203,22948,68109.71253958151,58.0,52.0,61.0,44.0,36.0,69.0,94.0,34.0,27984374.309938204,15199911.840101046,6752243.228497521,747894.2865578227,648117.2805740387,106947.49859809391,4498719.666338975,30540.50927070327
2022-01-23,25087711,43292326.17720929,13378258,25632728.14786292,6303554,10233019.502771268,610825,1519497.636022514,487789,1340001.0510510511,102787,141574.10459939425,4178223,4343389.950588419,26275,82115.78431372548,58.0,52.0,62.0,40.0,36.0,73.0,96.0,32.0,28019636.66213115,15228303.067009108,6749627.551743558,751584.6434401227,651425.6465110398,107447.64610327006,4500668.927091926,30579.180232123195
2022-01-30,25227701,44947710.22825348,13790920,26822083.297052152,6062239,10635005.324020242,652362,1510056.756287191,530521,1346397.8111319575,102066,146150.3569402883,4062980,4406822.2742194915,26613,81194.40860215054,56.0,51.0,57.0,43.0,39.0,70.0,92.0,33.0,28054899.0143241,15256694.29391717,6747011.874989594,755275.0003224227,654734.012448041,107947.79360844621,4502618.187844878,30617.85119354312
2022-02-06,27681521,45406489.97901406,15017614,27110327.89326257,6878126,10780886.554834055,695881,1519436.6980042881,572209,1349599.9767957511,113599,147138.0980794483,4373898,4417906.3904447565,30194,81194.36759319113,61.0,55.0,64.0,46.0,42.0,77.0,99.0,37.0,28090161.36651705,15285085.520825233,6744396.198235632,758965.3572047226,658042.3783850422,108447.94111362235,4504567.44859783,30656.522154963044
2022-02-13,27704245,45459147.606729135,15102947,27162653.320802003,6713486,10792094.763567032,700174,1515340.4759535745,575367,1344245.8824121614,111430,147014.51792674724,4470050,4416775.483674455,30791,81023.16239316239,61.0,56.0,62.0,46.0,43.0,76.0,101.0,38.0,28125423.718709994,15313476.747733295,6741780.521481669,762655.7140870226,661350.7443220433,108948.0886187985,4506516.7093507815,30695.193116382965
2022-02-20,23942520,40478307.880698174,12939796,23963929.73642973,5489183,9568055.75864236,632671,1286537.2225246772,497192,1167406.7392722054,96148,134705.08203716535,4262443,4290190.942612263,25087,67482.3991797676,59.0,54.0,57.0,49.0,43.0,71.0,99.0,37.0,28160686.070902944,15341867.974641357,6739164.844727705,766346.0709693225,664659.1102590444,109448.23612397465,4508465.970103733,30733.86407780289
2022-02-27,28691035,46523718.975276284,15547165,27660504.647501286,7059962,11134567.948661651,758310,1553134.8935942985,667953,1374152.4673202615,115783,148044.46330904868,4509876,4573306.681038441,31986,80007.8738512949,62.0,56.0,63.0,49.0,49.0,78.0,99.0,40.0,28195948.42309589,15370259.201549418,6736549.167973742,770036.4278516225,667967.4761960456,109948.38362915079,4510415.230856684,30772.535039222814
2022-03-06,29093364,46845024.10019681,15874271,27846613.32433094,7086472,11212704.655165624,788868,1565212.427278604,673129,1379332.359037232,118269,148566.73029884123,4520007,4612951.431754026,32348,79643.17233154443,62.0,57.0,63.0,50.0,49.0,80.0,98.0,41.0,28231210.77528884,15398650.428457482,6733933.4912197795,773726.7847339225,671275.8421330468,110448.53113432694,4512364.491609636,30811.20600064274
2022-03-13,29408905,46780983.84342915,16068258,27801258.802491162,7091072,11185318.866688866,830189,1566493.5966124146,699219,1376409.06122449,119022,148402.62202346826,4567377,4623052.681949018,33768,80048.21243973418,63.0,58.0,63.0,53.0,51.0,80.0,99.0,42.0,28266473.127481785,15427041.655365543,6731317.814465816,777417.1416162223,674584.2080700479,110948.6786395031,4514313.7523625875,30849.876962062663
2022-03-20,29301596,46711917.8787928,16018558,27712118.06652144,7100613,11236266.115018843,815937,1563172.0174797866,685317,1376310.9788217172,117023,148517.32168708876,4531571,4595696.997247352,32577,79836.38201657136,63.0,58.0,63.0,52.0,50.0,79.0,99.0,41.0,28301735.479674734,15455432.882273605,6728702.137711853,781107.4984985223,677892.5740070491,111448.82614467923,4516263.013115539,30888.547923482587
2022-03-27,29473972,46733216.72577058,16178072,27796165.38108535,7093564,11118877.123397436,790647,1562248.4455499768,678131,1391339.2005574733,119040,147732.65424303722,4581740,4636508.48443593,32778,80345.43650137285,63.0,58.0,64.0,51.0,49.0,81.0,99.0,41.0,28336997.83186768,15483824.109181669,6726086.460957889,784797.8553808222,681200.9399440503,111948.97364985538,4518212.273868491,30927.218884902508
2022-04-03,29885879,46830674.2596913,16450498,27976804.727602907,7159024,10946814.49447203,815692,1550862.998442549,710441,1432647.4154302427,122317,144588.6426750863,4594595,4697692.286287653,33312,81263.69478082893,64.0,59.0,65.0,53.0,50.0,85.0,98.0,41.0,28372260.18406063,15512215.33608973,6723470.784203927,788488.2122631222,684509.3058810513,112449.12115503153,4520161.534621443,30965.889846322432
2022-04-10,29007977,46746633.70771912,15563990,27886340.457484502,7001839,10939626.47401618,825887,1552621.1590296496,721188,1436566.2561947855,120683,145061.9008327713,4743235,4705245.587017552,31155,81171.87314367718,62.0,56.0,64.0,53.0,50.0,83.0,101.0,38.0,28407522.536253575,15540606.562997792,6720855.107449964,792178.5691454222,687817.6718180525,112949.26866020767,4522110.795374394,31004.560807742357
2022-04-17,27097891,46725468.4048369,14755536,27843171.28756115,6049471,10960699.149334062,818165,1555198.7720714358,739484,1432936.111215975,112353,144790.091991342,4594657,4707549.026924726,28225,81123.96573820915,58.0,53.0,55.0,53.0,52.0,78.0,98.0,35.0,28442784.888446525,15568997.789905854,6718239.430696,795868.9260277221,691126.0377550537,113449.41616538382,4524060.056127345,31043.23176916228
2022-04-24,30067398,46771232.41074339,16403052,27901250.69230563,7267529,10945694.574285762,836597,1555185.983129482,729183,1435484.1975993752,119141,144943.57511394937,4678982,4707578.728059882,32914,81094.66024931142,64.0,59.0,66.0,54.0,51.0,82.0,99.0,41.0,28478047.24063947,15597389.016813917,6715623.753942037,799559.2829100221,694434.4036920548,113949.56367055998,4526009.316880297,31081.902730582206
2022-05-01,29569104,47936079.602372915,16193687,28507339.91831395,7019945,11356409.130973194,821766,1592905.0572598716,708627,1440276.239697122,121151,146664.1638879139,4671566,4805893.232635168,32362,86591.85960569965,62.0,57.0,62.0,52.0,49.0,83.0,97.0,37.0,28513309.59283242,15625780.243721979,6713008.077188075,803249.639792322,697742.769629056,114449.71117573611,4527958.577633249,31120.57369200213
2022-05-08,30534170,48032049.41565578,16649892,28611843.7037037,7354137,11349378.196123142,852011,1595603.2596214367,745628,1433899.451976595,120401,146835.53610127722,4778286,4807361.326794112,33815,87127.94133551515,64.0,58.0,65.0,53.0,52.0,82.0,99.0,39.0,28548571.94502537,15654171.47063004,6710392.400434111,806939.996674622,701051.1355660572,114949.85868091226,4529907.8383862,31159.24465342205
2022-05-15,30827531,48040552.06363903,16960911,28554569.760687634,7249941,11400153.651866987,876478,1599433.8750768781,760307,1434739.794359039,119943,147001.96055194075,4827050,4817590.071301248,32901,87062.94979530275,64.0,59.0,64.0,55.0,53.0,82.0,100.0,38.0,28583834.297218315,15682562.697538102,6707776.723680148,810630.3535569218,704359.5015030582,115450.00618608842,4531857.099139152,31197.915614841975
2022-05-22,30129588,48127919.97718877,16288980,28679233.707796104,7231533,11369271.581474083,875549,1597693.69525873,757411,1434432.2893913612,120434,146874.63356524915,4823154,4813464.26051883,32527,86949.80918441445,63.0,57.0,64.0,55.0,53.0,82.0,100.0,37.0,28619096.649411265,15710953.924446166,6705161.046926185,814320.7104392218,707667.8674400594,115950.15369126455,4533806.359892104,31236.5865762619
2022-05-29,27734850,42164235.66993734,14887549,24845769.339454807,6511814,9663093.347821333,788400,1415387.7155820802,695510,1276580.628223972,109737,134216.87047232687,4712910,4759704.791409138,28930,69482.97697368421,66.0,60.0,67.0,56.0,54.0,82.0,99.0,42.0,28654359.00160421,15739345.151354227,6702545.370172222,818011.0673215218,710976.2333770606,116450.3011964407,4535755.620645056,31275.257537681824
2022-06-05,30413952,47135779.86895134,16650492,28124687.085922096,7117572,10719924.809008997,901264,1669051.3148148148,791008,1481297.565211867,124680,146333.84568946456,4795367,4913404.782103635,33569,81080.4662004662,65.0,59.0,66.0,54.0,53.0,85.0,98.0,41.0,28689621.35379716,15767736.378262289,6699929.693418259,821701.4242038217,714284.5993140617,116950.44870161686,4537704.881398006,31313.92849910175
2022-06-12,30849437,47140691.31801501,16847308,28081743.87001763,7207418,10757085.222715853,935446,1670568.5386377084,805280,1480304.4028043463,126167,146366.96195531296,4894025,4923375.784226776,33793,81246.53765739131,65.0,60.0,67.0,56.0,54.0,86.0,99.0,42.0,28724883.705990106,15796127.60517035,6697314.016664295,825391.7810861217,717592.9652510629,117450.596206793,4539654.142150958,31352.599460521673
2022-06-19,29158531,42429081.224410325,15861462,24952412.307082936,6560745,9690331.507398292,913223,1429932.9274984847,805467,1289820.4276290657,116213,135687.56751917506,4870537,4861834.404431333,30884,69062.08285104185,69.0,64.0,68.0,64.0,62.0,86.0,100.0,45.0,28760146.058183055,15824518.832078414,6694698.339910332,829082.1379684216,720901.3311880641,117950.74371196915,4541603.40290391,31391.270421941594
2022-06-26,28569786,46583635.6426862,15409318,27706377.429722257,6455155,10650436.190996902,906551,1639997.0523872678,769364,1465256.8534896565,120536,145262.14962367428,4877209,4898088.583261113,31653,78217.38320532997,61.0,56.0,61.0,55.0,53.0,83.0,100.0,40.0,28795408.410376,15852910.058986476,6692082.66315637,832772.4948507216,724209.6971250653,118450.8912171453,4543552.6636568615,31429.941383361518
2022-07-03,25421422,40419038.45794164,13495286,23463522.108573586,5849991,9417686.393849207,766455,1365139.6418531784,661902,1239805.3243309902,108375,130224.11664563681,4512794,4744088.822146565,26619,58572.050542474746,63.0,58.0,62.0,56.0,53.0,83.0,95.0,45.0,28830670.76256895,15881301.285894537,6689466.986402406,836462.8517330214,727518.0630620663,118951.03872232145,4545501.924409813,31468.612344781443
2022-07-10,28712486,44842912.9524838,15479049,26420422.281340875,6675605,10398581.57544964,872469,1586289.2652478823,787251,1415978.2837203213,123241,141982.73962101535,4743452,4810757.953024848,31419,68900.85407922034,64.0,59.0,64.0,55.0,56.0,87.0,99.0,46.0,28865933.114761896,15909692.5128026,6686851.309648443,840153.2086153214,730826.4289990675,119451.18622749759,4547451.185162765,31507.283306201367
2022-07-17,28105745,44751245.416207306,15131819,26355292.525609985,6509915,10367697.119462412,871509,1584632.984332489,738543,1414730.210342103,121427,141852.237491191,4702741,4818394.601789645,29791,68645.73717948717,63.0,57.0,63.0,55.0,52.0,86.0,98.0,43.0,28901195.466954846,15938083.739710663,6684235.63289448,843843.5654976214,734134.7949360687,119951.33373267374,4549400.445915717,31545.95426762129
2022-07-24,28306262,44682827.94942157,15220278,26327366.47120639,6543246,10353114.404661544,874955,1573616.5138059894,769171,1413889.8825022527,121214,141599.71262179094,4746607,4804191.645950364,30791,69049.31867323993,63.0,58.0,63.0,56.0,54.0,86.0,99.0,45.0,28936457.819147795,15966474.966618724,6681619.956140517,847533.9223799213,737443.1608730698,120451.48123784989,4551349.7066686675,31584.625229041216
2022-07-31,27785095,43796632.615738995,14804632,25705743.971236054,6538369,10092478.831855029,834340,1556382.484658199,732118,1366109.9114154507,123692,139615.32160947626,4723486,4869212.186407155,28458,67089.90855762595,63.0,58.0,65.0,54.0,54.0,89.0,97.0,42.0,28971720.17134074,15994866.193526786,6679004.279386554,851224.2792622213,740751.526810071,120951.62874302603,4553298.967421619,31623.296190461137
2022-08-07,27931054,43707566.92985704,14911107,25617214.16101391,6521195,10095254.85211306,863913,1565010.0964675841,720609,1365178.9947089946,124521,139908.90765169435,4760897,4858306.914431247,28812,66693.00347054855,64.0,58.0,65.0,55.0,53.0,89.0,98.0,43.0,29006982.52353369,16023257.420434847,6676388.602632591,854914.6361445212,744059.8927470722,121451.77624820218,4555248.228174571,31661.96715188106
2022-08-14,27727965,43736314.60002752,14884931,25662946.893481348,6331968,10083830.917008197,853236,1556906.917778058,750307,1364170.5703388713,123939,139894.31171569004,4754915,4861550.960697463,28669,67014.02900788399,63.0,58.0,63.0,55.0,55.0,89.0,98.0,43.0,29042244.875726636,16051648.647342911,6673772.925878627,858604.9930268212,747368.2586840733,121951.92375337833,4557197.488927523,31700.638113300985
2022-08-21,27249180,43747335.219676904,14590764,25687607.994911,6221710,10067606.248554077,861549,1561108.5102462037,724569,1366932.542883182,120370,139653.67635539838,4702003,4857563.707126029,28215,66862.53960101787,62.0,57.0,62.0,55.0,53.0,86.0,97.0,42.0,29077507.227919586,16080039.874250973,6671157.249124665,862295.3499091212,750676.6246210744,122452.07125855447,4559146.749680474,31739.30907472091
2022-08-28,28288614,45622839.603104666,15112247,26968103.895480033,6521104,10642106.15356318,945192,1587081.5947915767,720155,1386959.19134437,122422,143394.9422693312,4837804,4821043.0218648035,29690,74150.80379137337,62.0,56.0,61.0,60.0,52.0,85.0,100.0,40.0,29112769.58011253,16108431.101159034,6668541.5723707015,865985.706791421,753984.9905580756,122952.21876373062,4561096.010433426,31777.980036140834
2022-09-04,28049144,43644038.28527145,15326109,25672285.840344142,6336571,10406803.121106997,876860,1410682.7947612994,758453,1259158.0707362453,114206,136123.90918411114,4608637,4687680.8071479285,28308,71303.74199072341,64.0,60.0,61.0,62.0,60.0,84.0,98.0,40.0,29148031.93230548,16136822.328067098,6665925.895616738,869676.063673721,757293.3564950768,123452.36626890677,4563045.271186378,31816.65099756076
2022-09-11,32532948,48445759.406890176,17992571,28740076.3973102,7743539,11626811.37806443,972140,1642272.4489833787,856654,1442033.9783370525,132804,148219.3726947938,4798563,4760665.528470015,36677,85680.30303030302,67.0,63.0,67.0,59.0,59.0,90.0,101.0,43.0,29183294.284498427,16165213.55497516,6663310.218862775,873366.4205560209,760601.7224320779,123952.51377408291,4564994.531939329,31855.32195898068
2022-09-18,32549226,48587914.89707561,18375206,28894264.4501944,7435977,11617735.961865801,977649,1645849.9834123685,885342,1441630.2111660196,129992,148411.92940830206,4707046,4754394.690221264,38014,85627.67080745343,67.0,64.0,64.0,59.0,61.0,88.0,99.0,44.0,29218556.636691377,16193604.781883221,6660694.542108812,877056.7774383209,763910.088369079,124452.66127925906,4566943.79269228,31893.992920400604
2022-09-25,30560340,48459290.90454717,16940311,28799077.285986114,7019625,11582210.90555278,946872,1638533.901876428,847271,1445920.0265390635,126770,148403.5262068821,4644635,4759294.909073375,34856,85850.34931252323,63.0,59.0,61.0,58.0,59.0,85.0,98.0,41.0,29253818.988884322,16221996.008791283,6658078.865354849,880747.1343206209,767218.4543060802,124952.80878443521,4568893.053445232,31932.66388182053
2022-10-02,30770452,47858521.92370072,17285072,28706234.381491486,7022426,11252000.487378966,939290,1570839.2174205105,828100,1458146.4843975767,130229,148664.43099394228,4530902,4632999.9040052965,34433,89637.0180129468,64.0,60.0,62.0,60.0,57.0,88.0,98.0,38.0,29289081.34107727,16250387.235699346,6655463.188600886,884437.4912029208,770526.8202430813,125452.95628961135,4570842.314198184,31971.334843240453
2022-10-09,30899830,47999249.92894177,17243827,28851432.08387155,7042498,11249961.564364877,953015,1572724.714219624,874225,1452401.754770653,125733,148606.7297457126,4626181,4635655.093949625,34351,88467.9880197322,64.0,60.0,63.0,61.0,60.0,85.0,100.0,39.0,29324343.693270218,16278778.462607408,6652847.511846922,888127.8480852208,773835.1861800825,125953.1037947875,4572791.574951136,32010.005804660377
2022-10-16,32351535,47980997.00829148,18203763,28798037.837548874,7471610,11288351.772475159,972485,1573724.7254312753,894231,1451813.0829650206,132216,148549.58546628855,4639795,4630957.401656736,37435,89562.60274812907,67.0,63.0,66.0,62.0,62.0,89.0,100.0,42.0,29359606.045463167,16307169.68951547,6650231.83509296,891818.2049675207,777143.5521170837,126453.25129996365,4574740.835704087,32048.6767660803
2022-10-23,32551542,47899239.74810078,18382689,28728884.060268104,7483875,11269398.269906126,961326,1570902.7483399592,864674,1450555.0663315179,133886,148759.1206121487,4687826,4641570.971313412,37266,89169.51132951133,68.0,64.0,66.0,61.0,60.0,90.0,101.0,42.0,29394868.397656113,16335560.916423533,6647616.158338997,895508.5618498207,780451.9180540848,126953.39880513979,4576690.096457038,32087.347727500222
2022-10-30,32309843,47307823.911382854,18294535,28330300.879151046,7427100,10960452.552420719,949950,1631672.0021645022,856514,1442252.2316094898,135368,154784.99361677657,4609584,4702692.828189457,36792,85668.42423086702,68.0,65.0,68.0,58.0,59.0,87.0,98.0,43.0,29430130.749849062,16363952.143331595,6645000.481585033,899198.9187321207,783760.283991086,127453.54631031594,4578639.35720999,32126.018688920147
2022-11-06,30961199,42328115.25946293,17457536,25114161.442409113,6947261,9758088.129493656,966831,1406913.6712315443,867219,1249261.9008309157,129740,143459.43959654804,4558755,4585030.161610972,33857,71200.5142901839,73.0,70.0,71.0,69.0,69.0,90.0,99.0,48.0,29465393.102042012,16392343.370239656,6642384.80483107,902889.2756144205,787068.6499280871,127953.6938154921,4580588.6179629415,32164.68965034007
2022-11-13,32162213,47127815.02579004,18203492,28180988.65251664,7316187,10919248.845468257,950027,1643724.9867928682,867520,1426730.0592653537,138471,156303.82065065028,4649837,4715873.235575952,36679,84945.42552032255,68.0,65.0,67.0,58.0,61.0,89.0,99.0,43.0,29500655.454234958,16420734.597147718,6639769.1280771075,906579.6324967205,790377.0158650882,128453.84132066823,4582537.878715893,32203.360611759996
2022-11-20,25423101,37348360.915317684,13617430,21890541.56937633,5557460,8544078.731562357,850397,1171649.8203096816,772848,1069219.0401193635,109958,131014.11379009436,4488300,4484487.306712812,26708,57370.333447040764,68.0,62.0,65.0,73.0,72.0,84.0,100.0,47.0,29535917.806427907,16449125.82405578,6637153.451323144,910269.9893790204,793685.3818020894,128953.98882584438,4584487.139468845,32242.03157317992
2022-11-27,31319204,46038180.41576584,17802277,27599721.881998587,7065562,10571264.551991452,923041,1607728.846790213,842033,1416960.4848141859,132472,151487.47543566924,4517871,4608482.921488972,35948,82534.25324675324,68.0,65.0,67.0,57.0,59.0,87.0,98.0,44.0,29571180.158620853,16477517.050963843,6634537.774569181,913960.3462613204,796993.7477390906,129454.13633102053,4586436.400221797,32280.702534599845
2022-12-04,32423862,44384281.55661178,18712699,26736069.342169452,7154508,10020591.82272444,951628,1575549.0599137505,869541,1397974.9466264667,136160,145466.5256594719,4563420,4430582.7118217265,35906,78047.14769647697,73.0,70.0,71.0,60.0,62.0,94.0,103.0,46.0,29606442.510813802,16505908.277871905,6631922.097815217,917650.7031436204,800302.1136760918,129954.28383619667,4588385.660974748,32319.373496019765
2022-12-11,31383729,44334548.03838676,18003889,26714059.103879265,6841906,10003608.35604377,939383,1576252.9610101567,855167,1393006.0809479891,134194,145547.08024898215,4574558,4424044.271107167,34632,78030.18514942528,71.0,67.0,68.0,60.0,61.0,92.0,103.0,44.0,29641704.86300675,16534299.504779967,6629306.421061255,921341.0600259203,803610.4796130928,130454.43134137282,4590334.921727699,32358.04445743969
2022-12-18,29288854,44329460.72352504,16455830,26718409.7368201,6471489,9987945.040695524,903344,1579444.2285173843,787331,1395604.3440966995,126760,145363.22728029426,4513219,4424725.87838918,30881,77968.26772585393,66.0,62.0,65.0,57.0,56.0,87.0,102.0,40.0,29676967.215199698,16562690.73168803,6626690.744307292,925031.4169082202,806918.845550094,130954.57884654897,4592284.182480651,32396.715418859614
2022-12-25,24629886,40114012.50112037,13592296,23970382.712010875,4947429,9019719.586056644,831571,1367733.6594884128,752483,1222235.2504529823,100412,134352.82075735953,4381911,4334110.054268915,23784,65478.41808518279,61.0,57.0,55.0,61.0,62.0,75.0,101.0,36.0,29712229.567392644,16591081.958596092,6624075.067553328,928721.7737905202,810227.2114870952,131454.7263517251,4594233.443233603,32435.38638027954
2023-01-01,27002692,38548488.67343202,15185361,22621501.195982106,6098162,9125479.401773002,774727,1292645.3314634943,719552,1168954.28473611,114484,126631.77955377956,4080508,4144956.407515389,29898,68320.27240814616,70.0,67.0,67.0,60.0,62.0,90.0,98.0,44.0,29747491.919585593,16619473.185504153,6621459.390799365,932412.1306728201,813535.5774240964,131954.87385690125,4596182.703986554,32474.057341699463
2023-01-08,30034508,43388018.51994044,16866611,25711401.342402022,6898558,10234775.543232454,915640,1516290.6550495345,827800,1344112.8792903214,133427,141351.15573314953,4358071,4358172.7953113085,34401,81914.14892164893,69.0,66.0,67.0,60.0,62.0,94.0,100.0,42.0,29782754.27177854,16647864.412412215,6618843.714045403,936102.48755512,816843.9433610975,132455.02136207742,4598131.964739506,32512.728303119387
2023-01-15,28622672,38551443.60468067,16095279,22638559.97437301,6444300,9097728.401737725,827720,1289483.693417592,761900,1166308.2749766572,124339,126640.78430392525,4337897,4164643.9916176493,31237,68078.48425411354,74.0,71.0,71.0,64.0,65.0,98.0,104.0,46.0,29818016.62397149,16676255.639320279,6616228.037291439,939792.84443742,820152.3092980987,132955.16886725355,4600081.225492458,32551.39926453931
2023-01-22,30187693,43320211.757414475,17177442,25714896.371218227,6784564,10186349.90275425,926593,1514157.1823001448,832773,1338846.8933475246,133413,141025.66654145397,4299282,4342927.566431782,33626,82008.17482108792,70.0,67.0,67.0,61.0,62.0,95.0,99.0,41.0,29853278.976164438,16704646.86622834,6613612.360537476,943483.2013197199,823460.6752350999,133455.3163724297,4602030.48624541,32590.070225959233
2023-01-29,30625784,44538175.69572664,17450174,26526676.1810143,6922907,10525450.870218974,909652,1511508.3370806878,818278,1350657.4644954028,135631,144608.37247713908,4354061,4397688.509395838,35081,81585.96104430055,69.0,66.0,66.0,60.0,61.0,94.0,99.0,43.0,29888541.328357384,16733038.093136402,6610996.683783513,947173.5582020199,826769.0411721009,133955.46387760586,4603979.74699836,32628.741187379157
2023-02-05,31946161,45424018.34958728,18186054,27145828.03728763,7321187,10765905.999555152,953091,1513041.2517148613,849321,1348148.6845380818,141589,147177.8288416214,4458588,4423180.053592801,36331,80736.49405713004,70.0,67.0,68.0,63.0,63.0,96.0,101.0,45.0,29923803.680550333,16761429.320044464,6608381.00702955,950863.9150843199,830077.4071091021,134455.611382782,4605929.007751312,32667.41214879908
2023-02-12,31420790,45406784.351009116,17816044,27154994.094217874,7138105,10751633.123785865,939588,1515445.694467095,843884,1343929.4768247232,139143,147090.21672771673,4509580,4412415.139557686,34446,81276.60542815566,69.0,66.0,66.0,62.0,63.0,95.0,102.0,42.0,29959066.03274328,16789820.546952527,6605765.330275587,954554.2719666198,833385.7730461033,134955.75888795813,4607878.268504264,32706.083110219006
2023-02-19,27969209,40442510.96154344,15763527,23921175.984711505,6084485,9570608.2013538,847322,1293947.1908523594,745705,1164687.2249484032,123350,134168.46092503986,4377964,4289797.932598681,26856,68125.9661536455,69.0,66.0,64.0,65.0,64.0,92.0,102.0,39.0,29994328.38493623,16818211.77386059,6603149.653521623,958244.6288489198,836694.1389831044,135455.9063931343,4609827.529257216,32744.75407163893
2023-02-26,31244678,46127986.088570006,17778463,27424445.241107196,7195550,11034011.345868062,917817,1545118.3113439516,803614,1361093.772581585,138571,148009.8771793686,4376217,4535190.956792639,34446,80116.583697208,68.0,65.0,65.0,59.0,59.0,94.0,96.0,43.0,30029590.737129174,16846603.00076865,6600533.97676766,961934.9857312196,840002.5049201056,135956.05389831043,4611776.790010167,32783.425033058855
2023-03-05,32395464,46732997.66369873,18373655,27753086.028904315,7389117,11196334.108407931,979297,1569707.3251514095,883616,1376778.4405404476,144499,148643.8131637205,4590026,4608647.623452012,35254,79800.32407889672,69.0,66.0,66.0,62.0,64.0,97.0,100.0,44.0,30064853.089322124,16874994.227676712,6597918.300013698,965625.3426135196,843310.8708571068,136456.2014034866,4613726.050763119,32822.095994478776
2023-03-12,32122753,46842449.36667475,18453311,27876698.494794525,7161867,11191304.805791495,983310,1571038.9255959573,862485,1377725.6855455723,140221,148846.02747189612,4486510,4597192.926238298,35049,79642.50123701137,69.0,66.0,64.0,63.0,63.0,94.0,98.0,44.0,30100115.44151507,16903385.454584774,6595302.623259734,969315.6994958196,846619.2367941078,136956.34890866274,4615675.311516071,32860.7669558987
2023-03-19,32386104,46943995.738066025,18349768,27887384.962049335,7352774,11277334.7525821,996441,1566809.2978543877,878953,1373334.2665559053,143488,148529.55991313752,4629005,4610579.939098312,35675,80022.96001285051,69.0,66.0,65.0,64.0,64.0,97.0,100.0,45.0,30135377.79370802,16931776.681492835,6592686.946505771,973006.0563781195,849927.602731109,137456.49641383888,4617624.5722690215,32899.437917318624
2023-03-26,32521024,46772568.73859462,18470150,27818758.59066818,7349567,11169108.503272409,993977,1567843.780473446,889580,1377110.695681571,143050,148694.92650807273,4638721,4611097.337518517,35979,79954.90447242727,70.0,66.0,66.0,63.0,65.0,96.0,101.0,45.0,30170640.145900965,16960167.9084009,6590071.269751808,976696.4132604195,853235.9686681102,137956.643919015,4619573.833021973,32938.108878738545
2023-04-02,31269610,46705817.18524305,17856578,27903629.72471839,6841612,10892836.642193135,969210,1558213.7778913383,864876,1427086.5849835565,137439,144396.23748115127,4566976,4698525.235824742,32919,81128.98215073466,67.0,64.0,63.0,62.0,61.0,95.0,97.0,41.0,30205902.498093914,16988559.135308962,6587455.592997845,980386.7701427194,856544.3346051113,138456.79142419118,4621523.093774925,32976.77984015847
2023-04-09,30548364,46837926.715397164,17356994,27997303.63128471,6471025,10930082.09039548,1000972,1554416.9147477376,913566,1427365.8625298052,136203,144910.50780188423,4637002,4702739.963480129,32602,81107.74515742423,65.0,62.0,59.0,64.0,64.0,94.0,99.0,40.0,30241164.85028686,17016950.362217024,6584839.916243882,984077.1270250194,859852.7005421125,138956.93892936732,4623472.354527877,33015.450801578394
2023-04-16,32928697,46736163.258020155,18703363,27915148.477553766,7325623,10901761.839826839,1006549,1553159.0437917574,921818,1436089.7932455267,145981,144552.98673938453,4789087,4704813.54195648,36276,80637.57490639515,70.0,67.0,67.0,65.0,64.0,101.0,102.0,45.0,30276427.20247981,17045341.589125086,6582224.239489919,987767.4839073194,863161.0664791137,139457.08643454348,4625421.615280828,33054.12176299832
2023-04-23,33565999,46696909.995730616,19215940,27852046.40195974,7458261,10936169.723955475,1041567,1550179.6825396826,903223,1433697.410179052,145224,144648.93453289662,4765195,4699221.144147149,36589,80946.69841662543,72.0,69.0,68.0,67.0,63.0,100.0,101.0,45.0,30311689.554672755,17073732.816033147,6579608.562735955,991457.8407896193,866469.4324161147,139957.23393971962,4627370.87603378,33092.79272441824
2023-04-30,33726212,48076706.29149076,19401590,28614885.603178523,7445903,11385064.956467662,1016564,1593433.9237410424,919906,1432886.98745547,147168,147184.4468273662,4758579,4816305.02009488,36502,86945.35372581884,70.0,68.0,65.0,64.0,64.0,100.0,99.0,42.0,30346951.906865705,17102124.04294121,6576992.885981993,995148.1976719191,869777.7983531159,140457.38144489576,4629320.136786731,33131.463685838164
2023-05-07,33874762,48127837.86633816,19242038,28635878.98930896,7485613,11410885.425550817,1053143,1600374.5953828003,975305,1430091.6654198696,149350,147012.92179365284,4932044,4816502.113581783,37269,87092.15530028194,70.0,67.0,66.0,66.0,68.0,102.0,102.0,43.0,30382214.259058654,17130515.26984927,6574377.2092280295,998838.5545542191,873086.1642901171,140957.5289500719,4631269.397539683,33170.13464725809
2023-05-14,34104179,48086376.59427872,19532327,28641444.97252331,7402610,11354590.830479637,1079022,1596245.1316520455,978570,1434700.315602272,144285,147217.3932641988,4931469,4825481.622211149,35896,86696.32854611005,71.0,68.0,65.0,68.0,68.0,98.0,102.0,41.0,30417476.6112516,17158906.496757336,6571761.532474066,1002528.9114365191,876394.5302271182,141457.67645524806,4633218.658292634,33208.80560867801
2023-05-21,33218347,48126834.72308049,18816911,28686865.52612744,7276784,11370620.757575758,1065920,1590904.92479015,998159,1430210.4726794204,143419,146948.28929765886,4881694,4814352.806291095,35460,86931.94631896912,69.0,66.0,64.0,67.0,70.0,98.0,101.0,41.0,30452738.96344455,17187297.723665398,6569145.855720103,1006219.2683188191,879702.8961641195,141957.8239604242,4635167.919045586,33247.47657009794
2023-05-28,30415698,42505289.35396116,17099682,25071581.216905065,6534944,9818176.724984704,969332,1402610.1952521948,865617,1264186.339852444,129502,134458.5189563274,4785390,4743662.6159385415,31231,70613.7420718816,72.0,68.0,67.0,69.0,68.0,96.0,101.0,44.0,30488001.315637495,17215688.95057346,6566530.17896614,1009909.625201119,883011.2621011205,142457.97146560036,4637117.179798538,33286.14753151786
2023-06-04,31619135,47081998.121460706,17910887,28077032.648745827,6770268,10714498.461831383,1035652,1665143.6647727273,962415,1476055.0407399987,142600,146699.85423337884,4764307,4921694.359520124,33006,80874.09161726705,67.0,64.0,63.0,62.0,65.0,97.0,97.0,41.0,30523263.667830445,17244080.17748152,6563914.502212177,1013599.9820834189,886319.6280381216,142958.1189707765,4639066.44055149,33324.81849293779
2023-06-11,32994675,46991618.08610596,18664968,28022135.939981274,7105435,10700349.93972202,1114761,1658699.7989155762,989557,1477006.1904761903,148613,146276.7791516166,4936163,4906489.247280497,35178,80660.19057877753,70.0,67.0,66.0,67.0,67.0,102.0,101.0,44.0,30558526.02002339,17272471.404389583,6561298.825458214,1017290.3389657189,889627.9939751229,143458.26647595264,4641015.701304441,33363.48945435771
2023-06-18,31454917,42484593.54408784,17575042,25074657.921037238,6591144,9637637.4985395,1130484,1427635.2083827849,1011445,1288209.6897026096,135834,134911.41932795235,4978660,4853128.557285947,32308,68413.24981181306,74.0,70.0,68.0,79.0,79.0,101.0,103.0,47.0,30593788.37221634,17300862.631297644,6558683.14870425,1020980.6958480189,892936.359912124,143958.41398112878,4642964.962057392,33402.16041577763
2023-06-25,31496002,47001722.19493089,17633217,27989711.823112555,6568960,10734259.008566335,1136886,1662050.6493506492,980385,1476546.222827159,142065,146150.80346947737,5000815,4912061.440367372,33674,80942.24723734125,67.0,63.0,61.0,68.0,66.0,97.0,102.0,42.0,30629050.724409286,17329253.858205706,6556067.471950288,1024671.0527303189,896244.7258491252,144458.56148630494,4644914.222810344,33440.83137719756
2023-07-02,26463920,40436004.43315596,14558682,23522845.805148255,5653980,9390013.077170838,864774,1375179.6759931708,760280,1238820.390436531,124131,130143.08837484109,4476102,4720396.3805374,25971,58606.015494920226,65.0,62.0,60.0,63.0,61.0,95.0,95.0,44.0,30664313.076602235,17357645.08511377,6553451.795196325,1028361.4096126187,899553.0917861264,144958.70899148108,4646863.483563296,33479.50233861748
2023-07-09,31031626,44764866.61657368,17376537,26403753.226798914,6663408,10349263.18415261,1053360,1581513.4911730003,925609,1415058.3264046875,146923,142101.97277998962,4833088,4804498.847826494,32701,68677.56743798207,69.0,66.0,64.0,67.0,65.0,103.0,101.0,48.0,30699575.42879518,17386036.312021833,6550836.118442361,1032051.7664949186,902861.4577231274,145458.85649665724,4648812.744316247,33518.17330003741
2023-07-16,31102738,44843588.28573192,17484425,26413562.95755214,6512702,10404788.780117152,1080383,1579358.7374729144,964568,1418772.177419355,144499,141678.39784642158,4883865,4816415.645079814,32296,69011.59024412441,69.0,66.0,63.0,68.0,68.0,102.0,101.0,47.0,30734837.78098813,17414427.538929895,6548220.441688398,1035742.1233772186,906169.8236601286,145959.00400183338,4650762.005069199,33556.84426145733
2023-07-23,31127263,44716089.57251021,17490382,26338357.429022614,6552705,10369034.42904525,1084344,1585318.3071767655,959941,1415966.7549140048,143222,141811.072169986,4863727,4796698.809660897,32942,68902.77052069486,70.0,66.0,63.0,68.0,68.0,101.0,101.0,48.0,30770100.13318108,17442818.765837956,6545604.7649344355,1039432.4802595186,909478.1895971298,146459.15150700952,4652711.265822151,33595.51522287725
2023-07-30,30938627,43979299.95757799,17281192,25802143.504194565,6591914,10175412.917038288,1061228,1565453.0591489382,954475,1376075.325097791,145027,140028.41648856332,4872311,4853057.972345854,32480,67128.76326398968,70.0,67.0,65.0,68.0,69.0,104.0,100.0,48.0,30805362.485374026,17471209.992746018,6542989.088180472,1043122.8371418186,912786.5555341309,146959.29901218566,4654660.5265751025,33634.18618429718
2023-08-06,30258580,43845792.75910997,16905128,25770507.25354188,6454302,10084426.103896104,1050055,1562821.854441334,899578,1362849.4647684083,146325,139892.94980776362,4770963,4858425.119654411,32229,66870.01300006692,69.0,66.0,64.0,67.0,66.0,105.0,98.0,48.0,30840624.837566976,17499601.21965408,6540373.411426509,1046813.1940241185,916094.9214711321,147459.44651736182,4656609.787328053,33672.8571457171
2023-08-13,29724145,43790049.93015614,16494017,25692671.636465766,6305675,10104566.128552228,1051826,1560754.6227894141,901622,1362038.387973352,144583,139842.07578217887,4795318,4863413.911926534,31104,66763.16666666667,68.0,64.0,62.0,67.0,66.0,103.0,99.0,47.0,30875887.18975992,17527992.44656214,6537757.734672545,1050503.5509064184,919403.2874081333,147959.59402253796,4658559.048081005,33711.52810713703
2023-08-20,28954207,43808778.923660204,16068959,25747594.903364643,6079549,10065462.790804695,1023074,1569232.8238024747,887157,1369191.8665591564,140625,139516.92046104974,4724875,4850926.057127397,29968,66853.5615407898,66.0,62.0,60.0,65.0,65.0,101.0,97.0,45.0,30911149.54195287,17556383.673470203,6535142.057918583,1054193.9077887184,922711.6533451343,148459.74152771413,4660508.308833957,33750.19906855695
2023-08-27,29988503,44787640.85020263,16632379,26400470.103877038,6333559,10388725.041055245,1113774,1579199.4981312654,869928,1378917.0152825937,142545,141762.22375372954,4864914,4827832.51082251,31404,70734.4572802473,67.0,63.0,61.0,71.0,63.0,101.0,101.0,44.0,30946411.894145817,17584774.900378264,6532526.38116462,1057884.2646710183,926020.0192821355,148959.88903289026,4662457.569586908,33788.87002997687
2023-09-03,29696244,43611278.12096046,16553092,25649104.567644004,6238005,10398400.364215104,1044348,1409241.4135398054,908258,1257245.2310096552,136238,135684.3978168716,4787166,4690041.527606513,29137,71560.61912850937,68.0,65.0,60.0,74.0,72.0,100.0,102.0,41.0,30981674.246338766,17613166.12728633,6529910.704410656,1061574.621553318,929328.3852191367,149460.0365380664,4664406.83033986,33827.540991396796
2023-09-10,33779791,48609067.22121309,19289548,28879782.634267416,7318136,11653175.897435896,1142184,1636511.9261563534,1021457,1438887.7289485089,156410,148672.15753872297,4814780,4766944.26524927,37276,85092.6116169239,69.0,67.0,63.0,70.0,71.0,105.0,101.0,44.0,31016936.59853171,17641557.35419439,6527295.027656693,1065264.9784356183,932636.7511561378,149960.18404324254,4666356.091092812,33866.21195281672
2023-09-17,34133992,48496465.160590924,19838909,28838466.269064512,7136675,11586297.723214285,1154719,1635630.9722258977,1041641,1442716.0207779252,153172,148720.11996255664,4768814,4759378.494370143,40062,85255.56097560975,70.0,69.0,62.0,71.0,72.0,103.0,100.0,47.0,31052198.95072466,17669948.581102453,6524679.350902731,1068955.335317918,935945.117093139,150460.3315484187,4668305.351845764,33904.882914236645
2023-09-24,30458288,48522932.003357105,17426214,28840711.34339278,6379328,11599177.16077829,1078881,1640313.1816291744,933490,1435698.154426089,148783,148467.6620169015,4457970,4772748.338151847,33622,85816.16296201851,63.0,60.0,55.0,66.0,65.0,100.0,93.0,39.0,31087461.302917607,17698339.808010515,6522063.674148767,1072645.692200218,939253.4830301402,150960.47905359484,4670254.612598714,33943.553875656566
2023-10-01,33595970,47970025.16263774,19354501,28806290.0,7112744,11253587.837826472,1134715,1571824.3843843844,1007823,1456636.6286237766,157210,149154.84185753402,4791709,4643348.529390194,37268,89182.94055537958,70.0,67.0,63.0,72.0,69.0,105.0,103.0,42.0,31122723.655110557,17726731.034918576,6519447.997394804,1076336.049082518,942561.8489671412,151460.626558771,4672203.873351666,33982.224837076494
2023-10-08,32330233,47938893.74215835,18510645,28752742.890993193,6658214,11289037.694629405,1158338,1573580.2217276024,1033391,1451446.5940866843,151006,148876.94667609947,4782393,4634047.518467202,36246,89161.87557816837,67.0,64.0,59.0,74.0,71.0,101.0,103.0,41.0,31157986.007303506,17755122.261826638,6516832.320640841,1080026.4059648179,945870.2149041424,151960.77406394714,4674153.134104618,34020.895798496414
2023-10-15,33603057,47821676.3048389,19494845,28668596.770623744,6934318,11256244.845845753,1165520,1566557.2160762255,1045018,1455466.281864501,157664,148744.7506892461,4766827,4636891.83267879,38865,89174.60706064582,70.0,68.0,62.0,74.0,72.0,106.0,103.0,44.0,31193248.359496452,17783513.4887347,6514216.643886878,1083716.762847118,949178.5808411436,152460.92156912328,4676102.39485757,34059.566759916335
2023-10-22,34093257,47930990.00043626,19823788,28729466.59085525,7029675,11301011.301880043,1172321,1575847.6272312163,1053059,1454636.4703611173,157552,148916.34313482355,4817851,4632468.589878282,39011,88643.07709553125,71.0,69.0,62.0,74.0,72.0,106.0,104.0,44.0,31228510.711689398,17811904.715642765,6511600.967132915,1087407.1197294178,952486.9467781447,152961.06907429942,4678051.655610521,34098.23772133626
2023-10-29,33239032,47428891.882289745,19574826,28376776.42156863,6705794,11071280.959663428,1126096,1609523.1817104951,1009680,1438419.572861108,156219,153109.7587130446,4628579,4693361.59750555,37838,86420.39026749069,70.0,69.0,61.0,70.0,70.0,102.0,99.0,44.0,31263773.063882347,17840295.942550827,6508985.2903789515,1091097.4766117178,955795.312715146,153461.2165794756,4680000.916363473,34136.908682756184
2023-11-05,32787906,42338030.15299536,19039554,25130171.41165173,6648862,9734948.483433975,1163637,1403629.6336644692,1038815,1248123.6521027887,153013,143585.4030340435,4707935,4606726.7470231475,36090,70844.82208520963,77.0,76.0,68.0,83.0,83.0,107.0,102.0,51.0,31299035.416075297,17868687.16945889,6506369.613624988,1094787.8334940178,959103.6786521471,153961.36408465172,4681950.177116424,34175.57964417611
2023-11-12,33344999,47107560.41361254,19415491,28140927.986066654,6787191,10947061.919642858,1159388,1637623.007246377,1032297,1429869.3065116457,163270,156073.91865436663,4748614,4711018.456993029,38748,84985.8184976118,71.0,69.0,62.0,71.0,72.0,105.0,101.0,46.0,31334297.768268242,17897078.39636695,6503753.936871026,1098478.1903763176,962412.0445891481,154461.5115898279,4683899.437869376,34214.25060559603
2023-11-19,26637039,37421866.462363005,14886562,21914852.993182383,4994985,8595916.0870452,1052351,1170194.4150543853,941659,1069449.5406248176,128559,131285.1385055257,4605531,4483029.41235261,27392,57138.875598086124,71.0,68.0,58.0,90.0,88.0,98.0,103.0,48.0,31369560.120461192,17925469.62327501,6501138.260117062,1102168.5472586176,965720.4105261494,154961.65909500403,4685848.698622327,34252.92156701596
2023-11-26,32600506,46593402.64407536,19268294,27844872.451690823,6369354,10801906.226632154,1118952,1629128.7740032268,1004616,1421897.3871577708,157877,153969.15026738474,4644264,4657684.725414937,37149,83943.92890905653,70.0,69.0,59.0,69.0,71.0,103.0,100.0,44.0,31404822.472654138,17953860.850183073,6498522.583363099,1105858.9041409176,969028.7764631505,155461.80660018016,4687797.959375279,34291.59252843588
2023-12-03,33432240,44357593.391971126,19769751,26720276.162714098,6585946,10008758.527707782,1153828,1580575.8210533436,1039346,1396977.7956118914,161964,145651.76354132485,4684072,4427237.733705201,37333,78115.58763749403,75.0,74.0,66.0,73.0,74.0,111.0,106.0,48.0,31440084.824847087,17982252.077091135,6495906.906609136,1109549.2610232176,972337.1424001517,155961.9541053563,4689747.220128231,34330.2634898558
2023-12-10,33313319,44355342.717749104,19729099,26733878.239158504,6380767,10001184.168561915,1166137,1580243.1884057971,1048036,1389871.8805128096,162975,145533.9325455311,4789888,4426831.3754579695,36417,77799.93310657596,75.0,74.0,64.0,74.0,75.0,112.0,108.0,47.0,31475347.177040033,18010643.3039992,6493291.229855173,1113239.6179055176,975645.5083371529,156462.10161053247,4691696.4808811825,34368.93445127573
2023-12-17,31034736,44366257.97661644,18113889,26717348.921792105,5914337,10026148.863840014,1141668,1576715.6126393583,1000475,1393388.0135577319,155093,145495.24498696817,4676237,4428869.978288356,33037,78291.34151191781,70.0,68.0,59.0,72.0,72.0,107.0,106.0,42.0,31510609.529232983,18039034.530907262,6490675.55310121,1116929.9747878173,978953.874274154,156962.2491157086,4693645.741634134,34407.60541269565
2023-12-24,23595187,40046406.81558849,13118104,23887689.2169059,4221367,9020061.895299144,976073,1371717.4393592677,848397,1225662.3186420002,114755,134395.70567402756,4293113,4340996.195722001,23378,65884.04398614482,59.0,55.0,47.0,71.0,69.0,85.0,99.0,35.0,31545871.88142593,18067425.757815324,6488059.876347247,1120620.3316701173,982262.2402111551,157462.39662088477,4695595.002387085,34446.27637411558
2023-12-31,26574691,38643414.59582139,15318222,22720827.051515777,5187847,9106984.046766767,921522,1293952.4786059351,817326,1167644.3936469946,128143,126514.07982500055,4171528,4158672.5148387905,30103,68820.0306221287,69.0,67.0,57.0,71.0,70.0,101.0,100.0,44.0,31581134.233618878,18095816.984723385,6485444.199593283,1124310.6885524173,985570.6061481563,157962.5441260609,4697544.263140037,34484.9473355355
2024-01-07,29936868,43463528.364307,17268792,25777777.84849963,6133606,10257946.033756772,1076907,1508295.004753924,946954,1348937.5301730894,154544,141268.2200585243,4321281,4347242.44867529,34784,82061.2783897729,69.0,67.0,60.0,71.0,70.0,109.0,99.0,42.0,31616396.585811824,18124208.211631447,6482828.522839321,1128001.0454347173,988878.9720851574,158462.69163123704,4699493.523892988,34523.61829695542
2024-01-14,27255763,38607962.28718051,15855033,22662219.489613447,5400104,9127834.546934512,924686,1289586.381326179,827620,1169153.0994921017,137875,126954.72994901115,4082779,4164194.9660708434,27666,68019.07379442263,71.0,70.0,59.0,72.0,71.0,109.0,98.0,41.0,31651658.938004773,18152599.43853951,6480212.8460853575,1131691.4023170173,992187.3380221586,158962.83913641318,4701442.78464594,34562.28925837535
2024-01-21,30510782,43385771.40209299,17687465,25709826.881268673,6172297,10253543.313910272,1104056,1512384.3520547133,976521,1344884.7618694208,160131,141463.86941873407,4377007,4342052.31548702,33305,81615.9080841639,70.0,69.0,60.0,73.0,73.0,113.0,101.0,41.0,31686921.290197723,18180990.66544757,6477597.169331394,1135381.759199317,995495.7039591598,159462.98664158935,4703392.045398892,34600.96021979527
2024-01-28,31164149,44191276.26752454,18096164,26314781.196643073,6399117,10426844.566691205,1088639,1512137.8501471349,963616,1345673.1886534519,161281,143756.73760844208,4419510,4366289.327480328,35822,81793.40030091474,71.0,69.0,61.0,72.0,72.0,112.0,101.0,44.0,31722183.64239067,18209381.892355632,6474981.492577431,1139072.116081617,998804.0698961609,159963.1341467655,4705341.306151844,34639.6311812152
2024-02-04,32139606,45433285.53872298,18691296,27170651.055999458,6605125,10758134.987546321,1132807,1514581.4384445962,984789,1345197.8018112592,166408,146992.2486810074,4523201,4417064.654470161,35980,80663.35177017264,71.0,69.0,61.0,75.0,73.0,113.0,102.0,45.0,31757445.994583618,18237773.119263694,6472365.815823468,1142762.472963917,1002112.435833162,160463.28165194165,4707290.566904795,34678.30214263512
2024-02-11,29115905,45365326.14280376,16991204,27134962.551477555,5793112,10723015.63064088,1049373,1512281.5652768284,910410,1346541.5942028984,152234,147235.4410692324,4188385,4420677.419001234,31187,80611.9411351263,64.0,63.0,54.0,69.0,68.0,103.0,95.0,39.0,31792708.346776564,18266164.34617176,6469750.139069505,1146452.829846217,1005420.8017701632,160963.4291571178,4709239.827657746,34716.97310405504
2024-02-18,28225543,40535783.39992092,16134509,23989803.815542012,5606012,9602303.253493752,994446,1291153.0250254157,871809,1164232.6632742388,146347,134764.0337655997,4443125,4285827.379280052,29295,67699.22953984377,70.0,67.0,58.0,77.0,75.0,109.0,104.0,43.0,31827970.698969513,18294555.57307982,6467134.462315542,1150143.186728517,1008729.1677071643,161463.57666229393,4711189.088410698,34755.64406547497
2024-02-25,31849273,45723141.97221517,18505260,27305590.625,6509563,10853878.679702261,1092874,1524143.2669055082,957431,1353486.883240041,165155,147717.06766917295,4583419,4457515.07312636,35571,80810.3765718227,70.0,68.0,60.0,72.0,71.0,112.0,103.0,44.0,31863233.05116246,18322946.799987882,6464518.785561578,1153833.5436108168,1012037.5336441655,161963.72416747006,4713138.34916365,34794.31502689489
2024-03-03,32184983,46780859.12181231,18803724,27814704.380940616,6482602,11177933.885037696,1134942,1567696.7418546367,981958,1379236.8013601836,170563,149094.40447384593,4575064,4611903.094237197,36130,80289.81390812983,69.0,68.0,58.0,72.0,71.0,114.0,99.0,45.0,31898495.40335541,18351338.026895944,6461903.108807616,1157523.9004931168,1015345.8995811667,162463.87167264623,4715087.609916601,34832.98598831482
2024-03-10,32937302,46829979.44125225,19203168,27832888.339062005,6661267,11212962.640207075,1162965,1563086.1438309348,1025521,1382151.7963245905,172424,148648.87449918615,4674967,4610511.28721221,36990,79730.36011625297,70.0,69.0,59.0,74.0,74.0,116.0,101.0,46.0,31933757.755548354,18379729.253804006,6459287.432053653,1161214.2573754168,1018654.2655181678,162964.01917782237,4717036.870669553,34871.65694973474
2024-03-17,32227273,46806571.1274413,18681992,27881144.395056937,6535672,11153455.646447357,1152625,1565927.5521106436,994354,1377279.964433471,171448,148828.9762306479,4655024,4599908.579993221,36158,80026.0131690256,69.0,67.0,59.0,74.0,72.0,115.0,101.0,45.0,31969020.107741304,18408120.480712067,6456671.755299689,1164904.6142577168,1021962.631455169,163464.16668299853,4718986.131422505,34910.327911154665
2024-03-24,32231366,46869001.60719421,18850602,27881070.89018171,6300463,11208793.810825765,1186549,1565564.057069691,1010956,1377314.9464409258,167157,148720.9987443832,4681353,4607783.572144476,34286,79753.33178726035,69.0,68.0,56.0,76.0,73.0,112.0,102.0,43.0,32004282.45993425,18436511.70762013,6454056.078545726,1168594.9711400168,1025270.9973921701,163964.31418817467,4720935.3921754565,34948.998872574586
2024-03-31,32106065,46657055.179822795,19013888,27796685.464834582,6182034,10962023.814128311,1123507,1547652.9014564285,986186,1433338.3344182745,168684,144668.5668119759,4598120,4691407.565564687,33646,81278.53260853261,69.0,68.0,56.0,73.0,69.0,117.0,98.0,41.0,32039544.8121272,18464902.934528194,6451440.4017917635,1172285.3280223166,1028579.3633291712,164464.4616933508,4722884.652928407,34987.66983399451
2024-04-07,32590573,46682877.832470976,19010262,27871905.41656056,6427621,10894699.990781551,1174291,1549111.0336254488,1035855,1434677.6967626656,172517,144729.68744397748,4734511,4706677.205289252,35516,81076.8020075163,70.0,68.0,59.0,76.0,72.0,119.0,101.0,44.0,32074807.16432015,18493294.161436256,6448824.7250378,1175975.6849046166,1031887.7292661725,164964.60919852694,4724833.913681359,35026.340795414435
2024-04-14,33255248,46842227.92034599,19430955,28000624.964433063,6618122,10922448.279834738,1174696,1553895.0304043088,1048362,1432254.6481616974,173379,144718.74849447852,4773015,4707089.394186033,36719,81196.85483167626,71.0,69.0,61.0,76.0,73.0,120.0,101.0,45.0,32110069.516513094,18521685.388344318,6446209.048283837,1179666.0417869166,1035196.0952031736,165464.7567037031,4726783.174434311,35065.011756834356
2024-04-21,30339336,46636719.42464941,17505389,27785647.405899968,5838598,10935212.244237244,1173092,1551728.485748486,1059156,1435218.9401814814,159162,144700.40354481092,4571391,4703245.436721173,32548,80966.50831624516,65.0,63.0,53.0,76.0,74.0,110.0,97.0,40.0,32145331.86870604,18550076.61525238,6443593.371529873,1183356.3986692165,1038504.4611401747,165964.90420887925,4728732.4351872625,35103.682718254284
2024-04-28,32261922,47512002.8901997,18837613,28266614.66069142,6341014,11234238.95676118,1158789,1575025.0884535227,1040148,1432738.2668780186,170026,146270.26890797276,4679313,4772116.306021733,35019,84999.34248585411,68.0,67.0,56.0,74.0,73.0,116.0,98.0,41.0,32180594.22089899,18578467.84216044,6440977.694775911,1187046.7555515165,1041812.827077176,166465.05171405541,4730681.695940214,35142.353679674205
2024-05-05,33521205,48129682.98426098,19601699,28656940.91109155,6588069,11398743.432750408,1200777,1596980.140903817,1062329,1435479.5464826352,177180,147157.6839169865,4855455,4807305.048895056,35696,87076.22022052968,70.0,68.0,58.0,75.0,74.0,120.0,101.0,41.0,32215856.57309194,18606859.069068503,6438362.018021948,1190737.1124338163,1045121.193014177,166965.19921923155,4732630.956693166,35181.02464109413
2024-05-12,33738603,47971014.15155197,19856276,28527655.62699324,6473395,11356339.243235206,1239363,1597255.2565748328,1087729,1435053.863716308,175616,146834.46492448688,4869374,4820978.304606234,36850,86897.39150166622,70.0,70.0,57.0,78.0,76.0,120.0,101.0,42.0,32251118.925284885,18635250.295976564,6435746.341267984,1194427.4693161163,1048429.5589511782,167465.3467244077,4734580.217446117,35219.69560251405
2024-05-19,33288807,48018248.6807703,19261982,28578476.309232026,6518372,11355646.351616714,1249651,1594013.0451126231,1108348,1431916.4329261237,173624,147155.05731077716,4939704,4823880.844020049,37126,87160.64055199118,69.0,67.0,57.0,78.0,77.0,118.0,102.0,43.0,32286381.277477834,18663641.52288463,6433130.664514021,1198117.8261984163,1051737.9248881794,167965.49422958383,4736529.478199068,35258.366563933974
2024-05-26,29867240,42775471.79714637,17169021,25177235.950467445,5763085,10067233.682933189,1110662,1376371.0060645696,966646,1250196.1161144704,153985,134659.99491905942,4671825,4696314.224913193,32016,73460.8217344538,70.0,68.0,57.0,81.0,77.0,114.0,99.0,44.0,32321643.62967078,18692032.74979269,6430514.987760059,1201808.1830807163,1055046.2908251805,168465.64173476,4738478.73895202,35297.0375253539
2024-06-02,33051191,47177051.02241934,19169963,28109929.880490445,6423584,10778504.980533926,1242744,1657057.0986886933,1094559,1479173.7065645482,179042,146517.10662161116,4904937,4924683.687653412,36362,81184.56186670472,70.0,68.0,60.0,75.0,74.0,122.0,100.0,45.0,32356905.98186373,18720423.976700753,6427899.311006095,1205498.5399630163,1058354.6567621818,168965.78923993613,4740427.999704972,35335.70848677382
2024-06-09,33134103,47084415.249463886,19129400,28046089.673190657,6624670,10756249.89791629,1257071,1662907.201994702,1093084,1477146.914862407,175989,146162.9611071375,4815902,4914378.309686273,37987,81480.29070641837,70.0,68.0,62.0,76.0,74.0,120.0,98.0,47.0,32392168.334056675,18748815.203608815,6425283.634252132,1209188.896845316,1061663.0226991829,169465.9367451123,4742377.260457924,35374.37944819375
2024-06-16,31166788,47142908.21798587,17650425,28115061.541214865,6022710,10752299.879663542,1235969,1665687.1402570033,1102595,1473992.9126969662,165669,146866.48386629156,4957331,4908334.559577092,32089,80665.7007101086,66.0,63.0,56.0,74.0,75.0,113.0,101.0,40.0,32427430.686249625,18777206.430516876,6422667.957498169,1212879.253727616,1064971.388636184,169966.08425028843,4744326.521210875,35413.05040961367
2024-06-23,32304012,47080452.34934595,18499935,28029448.707971394,6119637,10774468.424749514,1293132,1662151.9611101581,1112394,1475429.7363325844,175579,146557.27155123628,5068041,4911091.634017727,35294,81304.61361333702,69.0,66.0,57.0,78.0,75.0,120.0,103.0,43.0,32462693.038442574,18805597.657424938,6420052.280744206,1216569.610609916,1068279.754573185,170466.23175546457,4746275.781963827,35451.72137103359
2024-06-30,26729282,40364233.55145844,14917954,23451126.97134674,5217398,9372262.577927139,1013362,1376123.6211004152,883459,1239900.5035939787,151550,129942.93037122343,4516921,4736018.580204403,28638,58858.366914541126,66.0,64.0,56.0,74.0,71.0,117.0,95.0,49.0,32497955.39063552,18833988.884333,6417436.603990243,1220259.967492216,1071588.1205101863,170966.3792606407,4748225.042716779,35490.39233245352
2024-07-07,30742132,44756998.913681366,17474754,26397065.802985393,6020091,10344170.253411306,1203698,1579595.0331720859,1031292,1412875.8532818533,175803,141775.60772560773,4802926,4812745.572546009,33568,68770.79055911126,69.0,66.0,58.0,76.0,73.0,124.0,100.0,49.0,32533217.742828466,18862380.111241065,6414820.9272362795,1223950.324374516,1074896.4864471874,171466.52676581687,4750174.30346973,35529.06329387344
2024-07-14,30877542,44785519.94234902,17516406,26377983.860569123,6006096,10391200.060532687,1216415,1583828.477992019,1055057,1414405.1354188393,175615,141846.90779867466,4874317,4807321.413480201,33636,68934.0865574722,69.0,66.0,58.0,77.0,75.0,124.0,101.0,49.0,32568480.095021416,18890771.338149127,6412205.250482316,1227640.6812568158,1078204.8523841887,171966.674270993,4752123.564222681,35567.73425529337
2024-07-21,30741842,44865451.23836911,17425671,26484549.273626633,5974638,10372820.920305585,1231728,1583325.2140621946,1085392,1416898.3629878233,173997,141928.936744669,4816673,4797049.5235512,33743,68879.00709100167,69.0,66.0,58.0,78.0,77.0,123.0,100.0,49.0,32603742.447214365,18919162.56505719,6409589.573728354,1231331.0381391158,1081513.2183211897,172466.82177616918,4754072.824975633,35606.40521671329
2024-07-28,30191012,44351422.113427125,17067483,26096345.88766369,5908532,10258709.60195172,1177835,1578298.509979545,1010128,1398163.9365704719,173108,141213.62245249742,4820765,4810460.017961189,33161,68230.53684801291,68.0,65.0,58.0,75.0,72.0,123.0,100.0,49.0,32639004.79940731,18947553.79196525,6406973.89697439,1235021.3950214158,1084821.5842581908,172966.96928134531,4756022.085728585,35645.07617813321
2024-08-04,29229168,43826904.53832879,16727928,25734255.522333734,5550863,10091155.02177647,1154274,1564021.0927288844,969038,1364599.621745806,172812,139809.51817355095,4622643,4866106.576196196,31610,66957.18537414966,67.0,65.0,55.0,74.0,71.0,124.0,95.0,47.0,32674267.151600257,18975945.01887331,6404358.220220427,1238711.7519037155,1088129.950195192,173467.11678652145,4757971.3464815365,35683.74713955314
2024-08-11,29798836,43749951.07017158,16899864,25683443.595825426,5754001,10059805.767703157,1192352,1564779.2592992592,981478,1366930.6574810105,177255,139569.89950776903,4761395,4868566.891154278,32491,66854.9992006808,68.0,66.0,57.0,76.0,72.0,127.0,98.0,49.0,32709529.503793206,19004336.245781373,6401742.543466464,1242402.1087860158,1091438.3161321932,173967.2642916976,4759920.607234488,35722.41810097306
2024-08-18,29568820,43797115.697429,16688675,25677439.05312149,5649882,10125674.184623435,1203686,1563254.9985935302,995402,1367306.7390400781,171704,140055.31465849784,4827529,4856574.374552263,31942,66811.03283970931,68.0,65.0,56.0,77.0,73.0,123.0,99.0,48.0,32744791.855986156,19032727.472689435,6399126.866712501,1246092.4656683155,1094746.6820691943,174467.41179687376,4761869.867987439,35761.08906239299
2024-08-25,29830913,43757511.94728294,16698275,25689145.765267204,5821845,10072880.12837737,1280992,1562247.2036093986,972385,1361975.7555712298,171321,139730.2471479404,4855097,4864748.180643131,30998,66784.66666666667,68.0,65.0,58.0,82.0,71.0,123.0,100.0,46.0,32780054.2081791,19061118.699597497,6396511.189958538,1249782.8225506155,1098055.0480061956,174967.5593020499,4763819.128740391,35799.76002381291
2024-09-01,30555908,43551681.52398627,17333978,25588254.415614404,6157715,10395825.262534412,1190306,1407321.726971176,964792,1260214.5629808786,163492,136013.29628022495,4714048,4692895.325550859,31577,71156.93405431778,70.0,68.0,59.0,85.0,77.0,120.0,100.0,44.0,32815316.56037205,19089509.92650556,6393895.513204575,1253473.1794329155,1101363.4139431966,175467.70680722606,4765768.3894933425,35838.43098523284
2024-09-08,35219349,48603290.211499736,20352082,28906860.59781945,7416224,11623994.102982592,1292517,1636017.4390213427,1124658,1445642.2559190325,188663,148319.19039347794,4804716,4757043.653921392,40489,85412.97144245027,72.0,70.0,64.0,79.0,78.0,127.0,101.0,47.0,32850578.912564997,19117901.153413624,6391279.836450611,1257163.5363152153,1104671.7798801977,175967.8543124022,4767717.650246294,35877.10194665276
2024-09-15,35559191,48583653.5387011,20431859,28861444.09464772,7569242,11646060.716977881,1347710,1639491.0966611768,1120724,1436842.654594468,188488,148409.61875885027,4860932,4765787.277751235,40236,85618.07930977269,73.0,71.0,65.0,82.0,78.0,127.0,102.0,47.0,32885841.264757946,19146292.380321685,6388664.159696649,1260853.8931975155,1107980.145817199,176468.00181757833,4769666.910999246,35915.77290807268
2024-09-22,35590498,48558264.506564856,20799565,28886807.13990461,7351303,11595416.539606227,1311095,1630711.2515071533,1145223,1442194.1993214102,182945,148736.6632361821,4759323,4768908.338686189,41044,85490.37430308836,73.0,72.0,63.0,80.0,79.0,123.0,100.0,48.0,32921103.616950892,19174683.607229747,6386048.4829426855,1264544.2500798153,1111288.5117542,176968.14932275447,4771616.171752198,35954.44386949261
2024-09-29,33587225,48017032.293696284,19247757,28730879.05436881,7098800,11338184.871762287,1261447,1588962.8066889117,1096382,1450252.311449101,182653,148497.2260463493,4662175,4672202.3265172485,38011,88053.6968635743,70.0,67.0,63.0,79.0,76.0,123.0,100.0,43.0,32956365.96914384,19203074.83413781,6383432.806188722,1268234.6069621153,1114596.8776912012,177468.29682793064,4773565.432505149,35993.11483091253
2024-10-06,35681922,47982328.953559965,20641337,28828002.797095604,7497560,11257944.586108692,1330911,1565780.9010309149,1148835,1454191.1110900147,190669,148964.82077423765,4832307,4637463.937471395,40303,89980.7999891032,74.0,72.0,67.0,85.0,79.0,128.0,104.0,45.0,32991628.32133679,19231466.06104587,6380817.129434759,1271924.9638444153,1117905.2436282025,177968.44433310677,4775514.6932581,36031.785792332455
2024-10-13,34509171,47986232.61461035,20082632,28781978.30869627,6938097,11296975.5842975,1340800,1569815.7055321801,1177619,1457594.4743423695,179019,148941.16210538856,4753209,4641857.731080818,37795,89069.64855582413,72.0,70.0,61.0,85.0,81.0,120.0,102.0,42.0,33026890.673529737,19259857.28795393,6378201.452680796,1275615.320726715,1121213.6095652035,178468.59183828294,4777463.954011052,36070.456753752376
2024-10-20,35753532,47966608.949930586,20824958,28766044.68043869,7541197,11289459.743794397,1296190,1569196.0191677485,1148035,1453173.4174682826,186389,148880.27011778357,4715485,4650511.346721465,41278,89343.47222222222,75.0,72.0,67.0,83.0,79.0,125.0,101.0,46.0,33062153.025722682,19288248.514861993,6375585.775926833,1279305.6776090153,1124521.9755022046,178968.73934345908,4779413.214764004,36109.127715172304
