Date,All_sum_tot_postpan,All_sum_tot_prepan,Subways_sum_tot_postpan,Subways_sum_tot_prepan,Buses_sum_tot_postpan,Buses_sum_tot_prepan,LIRR_sum_tot_postpan,LIRR_sum_tot_prepan,Metro_North_sum_tot_postpan,Metro_North_sum_tot_prepan,Access_A_Ride_sum_tot_postpan,Access_A_Ride_sum_tot_prepan,Bridges_and_Tunnels_sum_tot_postpan,Bridges_and_Tunnels_sum_tot_prepan,Staten_Island_Railway_sum_tot_postpan,Staten_Island_Railway_sum_tot_prepan
2020-03-01,54318389,56638897.61657853,31931020,33170996.139019754,13132345,13543832.393961586,1737349,1763655.3764877962,1100118,1610582.8316317447,199175,183263.1588927238,6130048,6278423.099434772,88334,88144.61715015346
2020-03-08,44617593,56670243.54207938,25001330,33203480.520717308,11708729,13526098.808031898,1216175,1761046.3148128246,947142,1610078.411007474,176450,183006.51380909787,5491059,6298537.77687652,76708,87995.19682426262
2020-03-15,20124064,56562217.448675364,9352199,33073530.87643678,5678972,13566181.797529202,408682,1754144.003411306,780927,1613272.3150046403,93411,183652.0552165711,3787165,6284336.721828905,22708,87099.67924795511
2020-03-22,7667324,57973219.658128284,4074388,33274862.87878788,300960,14756350.0,140293,1759880.0,731529,1614995.5423853751,53616,182932.38852262622,2357523,6295924.660398214,9015,88274.18803418803
2020-03-29,5807709,58871224.3978099,3045326,33231161.111111112,169365,15253550.0,72893,1884830.0,311840,1770918.6666666667,45916,182160.23707773708,2157016,6456272.835335336,5353,92331.54761904762
2020-04-05,4920255,55564944.71914635,2568295,33541026.785714284,117030,11703000.0,50132,1754300.0,54677,1822566.6666666667,39465,178326.0835042151,2086322,6474288.516594517,4334,91436.66666666667
2020-04-12,5024933,52068214.59298682,2543981,32136851.984126985,97266,9726600.0,46945,1641633.3333333333,55274,1810100.0,40273,180034.16977225672,2236755,6486307.248611393,4439,86687.85714285714
2020-04-19,5455936,52832291.50695876,2730390,33415744.444444444,92593,9259300.0,46868,1593983.3333333333,56862,1811541.6666666665,42393,181459.27098264056,2482288,6482720.569309453,4542,87542.22222222222
2020-04-26,6065627,52839007.78654833,2975082,33461375.126262628,91340,9134000.0,49903,1766766.6666666665,60863,1657188.3333333333,46649,180009.66289388,2837012,6548151.886280711,4778,91516.11111111111
2020-05-03,6608670,54237247.751489855,3192732,34573319.8989899,93031,9303100.0,86406,1857790.0,65859,1597491.6666666667,51746,182003.89483829512,3113647,6628188.95766166,5249,95353.33333333333
2020-05-10,7193626,54011771.78174868,3443084,34202517.777777776,93967,9396700.0,115993,1822838.8888888888,74188,1698120.0,53196,182043.4429541047,3407778,6612625.005461245,5420,96926.66666666667
2020-05-17,7770328,54918884.74457094,3749128,34482043.84615385,100022,10002200.0,134205,1811686.9047619049,83266,1713174.4444444445,57663,180803.1563329144,3640001,6632999.726211166,6043,95976.66666666667
2020-05-24,8061005,50536271.86283428,3811628,31254797.34015984,93475,9347500.0,151851,1605826.0164835164,92602,1554242.3809523808,56965,168200.99358690844,3849325,6525552.651645707,5159,80152.480005924
2020-05-31,8962223,55377790.31642342,4335072,34206169.5970696,104131,10413100.0,198771,1891324.77124183,106751,1759674.1666666665,68867,181488.80943103664,4141735,6834967.9652225645,6896,91065.00679172878
2020-06-07,10445386,59513447.28607276,5194573,34032945.99789916,148234,14823400.0,260234,1867866.575091575,134359,1698689.6728271728,77169,181733.92725838392,4622536,6820806.351938266,8281,88004.76105820504
2020-06-14,11362503,55310153.10872567,5733127,30657554.127966978,157095,14430600.0,295692,1668988.6904761905,156694,1547756.3333333333,82676,170919.46117712074,4927966,6758288.623602729,9253,76045.87216931615
2020-06-21,12315710,57812226.2637273,6451639,33817279.53216374,181654,13305300.0,320674,1876387.4794323323,164747,1725145.1262626264,87729,182302.4410533444,5097226,6817809.670163237,12041,88002.01465201465
2020-06-28,12439981,48749284.65322326,6482087,29229624.415584415,170374,9548750.0,371168,1646092.1288738782,188228,1521513.0303030303,88014,164613.3323832681,5128381,6566759.669748135,11729,71932.07633053222
2020-07-05,12955393,53251727.20213009,6977496,31273051.171257086,183529,11645550.0,375042,1796889.0367965368,191375,1676588.1738437002,96472,173811.20619946092,5118169,6607806.57430162,13310,78031.03973168215
2020-07-12,13846515,53894298.26481348,7485516,31292546.95567476,191469,12267250.0,408456,1823572.2321428573,207818,1655423.5285547785,101626,173974.7488869474,5437233,6603713.986688638,14397,77816.81286549708
2020-07-19,13866791,55463723.71636879,7507669,31606629.463720936,185015,13484300.0,411693,1812648.6834733894,212934,1685657.9093056065,102516,174617.14702056232,5432611,6622766.909047117,14353,77103.6038011696
2020-07-26,14165637,54213673.65307605,7702614,31392669.30809595,190942,12341000.0,418309,1829734.9380504552,213286,1692710.6163444398,104818,176471.94135110217,5520935,6703907.389309789,14733,77179.4599243206
2020-08-02,14059726,54287615.740548715,7763253,31026182.912087914,200560,12833150.0,377604,1790700.2035535309,186949,1634703.3333333333,106336,174303.44983515382,5410425,6752430.443234198,14599,76145.39850459289
2020-08-09,14523646,52742813.100538984,7956348,31131695.683542844,198923,11152400.0,433132,1800414.3575614789,219750,1663014.1223155928,112180,174350.04017613363,5586544,6745794.359017091,16769,75144.53792584228
2020-08-16,15144312,52486357.61028933,8318284,31162141.312169313,195399,10940100.0,457461,1808142.3457548458,232568,1596288.8555888555,114698,174677.33320280287,5809877,6730050.278787766,16025,74957.48478574565
2020-08-23,15047378,53380768.42054365,8330057,31377430.854700856,200976,11551900.0,457021,1825249.4414752757,233741,1630924.6153846153,114666,174554.9203051139,5695109,6745480.433763646,15808,75228.15491413957
2020-08-30,22010480,58529999.67144313,9285211,34296153.41688494,6035891,13812370.414473142,498366,1842664.7925139498,260179,1684081.632337067,119597,181255.76294180134,5794956,6626647.420044941,16280,86826.23224728488
2020-09-06,21708994,54138921.97406387,9151290,31377692.422365066,6106146,12875373.61406061,508672,1626447.990434815,255729,1491636.424308854,113522,170382.05051399692,5558465,6519236.500044857,15170,78152.97233566994
2020-09-13,23726549,59187349.18018624,10351731,34676877.92133154,6743983,14097399.398604132,526818,1838466.7877492877,275479,1707297.4475703323,125943,182740.82988060283,5683143,6592395.980032029,19452,92170.81501831501
2020-09-20,24053538,59154770.78467251,10508253,34630202.41227627,6824382,14094654.880910495,534878,1863874.9603174604,282835,1698869.5572335215,127498,182210.7458381555,5757103,6592320.847567507,18589,92637.38052910252
2020-09-27,23874122,58869603.217893325,10512764,34647732.26010178,6767917,13928894.109290339,520698,1825277.7137287664,281566,1687757.2877612584,126323,184581.53273553483,5645761,6501128.2579985885,19093,94232.05627705628
2020-10-04,24392511,58441520.14857524,10832643,34573269.820435405,6942204,13668349.253246753,509304,1775289.1409292463,297275,1715314.0740740742,129808,185179.55324721406,5659941,6426793.455364791,21336,97324.8512777545
2020-10-11,23390072,58513137.14452616,10469878,34642112.80298912,6481464,13676030.98413035,495037,1782536.622742385,289185,1689607.395730706,125239,184745.56632182654,5509309,6441658.120681711,19960,96445.6519300684
2020-10-18,24629451,58157682.363042384,11050742,34352221.54793907,6976021,13601040.384595944,517900,1779719.739281672,295740,1707970.4259259258,132854,184872.1742756811,5637310,6436561.338623894,18884,95296.75240019639
2020-10-25,23640891,58253064.757066995,10759069,34466910.0648207,6601457,13611324.342653833,497879,1765475.6142707756,275989,1719310.8062770562,131109,185979.85156067734,5357809,6407399.155796908,17579,96664.92168704988
2020-11-01,24005119,57368710.51450965,10846410,33874203.72067413,6780900,13241767.408611,512228,1853548.5716072547,272695,1664439.4413320883,133196,191846.5974544757,5441303,6451425.494812482,18387,91479.2800182274
2020-11-08,23610541,52443262.85843817,10834022,30658426.039415807,6632421,12082534.515130492,511330,1621075.5966255965,263634,1501574.2512531327,131649,179024.37770545227,5219437,6323762.981171522,18048,76865.09713616697
2020-11-15,23713404,57322455.75848333,10852163,33776757.767545775,6666455,13287864.8320802,502784,1847804.5614516202,254522,1676044.0465747702,136377,191907.01292218955,5283379,6452412.537908774,17724,89665.0
2020-11-22,20238916,47624365.299279466,8846000,27575582.787806187,5609768,10879496.007092273,491185,1387290.6905289833,220637,1322517.3214285714,110275,166739.77814746767,4946335,6229512.265026828,14716,63226.44924915938
2020-11-29,22056546,55073784.728799105,10181753,32678937.350982353,6203460,12471361.048759125,442991,1834939.4522144522,223486,1655577.777777778,129112,182993.64677141333,4857673,6162087.399790928,18071,87888.0525030525
2020-12-06,22974845,54644841.11587077,10449863,32565185.043356255,6512178,12223390.031948157,465202,1807077.6912366913,236017,1680841.978021978,134171,181394.72583404288,5161063,6101287.035507311,16351,85664.60996633196
2020-12-13,20370957,54680752.089829415,9686130,32593271.56067521,5552430,12254392.412692484,391569,1787492.4716694595,204749,1691119.2275371687,112712,181260.29368395003,4408699,6089022.160253758,14668,84193.96331738436
2020-12-20,19650907,50436531.09264002,8686728,29789709.070742853,5294084,11293363.39018914,445216,1599376.5008140008,217373,1502070.5417389628,110862,169541.83308489912,4882223,6009013.094972978,14421,73456.6610971874
2020-12-27,18473069,48152480.10433036,8178133,28238229.682716247,4995028,11064035.205352351,393600,1522008.3131868131,215010,1421533.669467787,102781,157698.44354853078,4574514,5676789.112118574,14003,72185.67794006088
2021-01-03,21401451,52415781.391674176,9752974,30768753.293131843,6067383,12358876.714253185,400848,1687642.4948240167,223195,1567724.7058823528,129750,169720.31436680065,4809824,5774251.238396502,17477,88812.63081947292
2021-01-10,21740715,52126081.79902459,9913957,30495538.37008061,6109672,12318641.777998907,406735,1699540.008567145,230311,1564262.7166950696,130735,169549.1183088721,4931504,5789453.995748967,17801,89095.81162502215
2021-01-17,20990324,47202007.78661817,9551501,27331952.759904724,5805415,11188170.85522414,403622,1466789.6153579836,212566,1381667.2943331178,113607,154860.7245974869,4886814,5602862.698544251,16799,75703.83865647024
2021-01-24,20925135,52246147.73303102,9627653,30612644.036892846,5652609,12328763.76976523,396605,1688903.8383315557,220253,1559904.6161075768,116033,169545.46522605783,4895408,5798150.369153722,16574,88235.63755403
2021-01-31,17816545,54465296.69111958,8619659,31987549.94324613,4948374,12945215.480818827,287000,1640571.6578477623,187846,1623705.4655870446,96825,180737.06615668055,3662801,5999079.875483829,14040,88437.20197930724
2021-02-07,22249100,54730950.62765583,10427504,32247470.258995038,6115043,12971755.38457101,406791,1686092.3784478728,233486,1547986.864451338,119154,180662.44750574802,4929608,6007705.4952513585,17514,89277.79843346507
2021-02-14,20195050,49740762.22518966,9473872,28992807.778261967,5482560,11786584.24510338,390825,1461029.6113009795,212858,1387914.5054945054,102687,167489.1235768016,4516359,5871327.173286759,15889,73609.7881652661
2021-02-21,22977606,54771771.22130889,10622538,32235275.826632228,6329324,13004184.77359781,422363,1687771.6961196822,240246,1560722.6176016966,127368,180127.17631750854,5216538,6015998.74429597,19229,87690.38674398606
2021-02-28,23694755,56919258.64664855,10988878,33444468.51763686,6506578,13526686.449254328,452745,1765567.1862745099,246181,1639642.347706641,129185,183585.75082519205,5354027,6272952.767668666,17161,86355.62728234928
2021-03-07,24497203,56780219.750016645,11380438,33250563.337176085,6708223,13584165.525758667,468360,1766632.9584859584,267138,1616996.0058661145,131664,182984.99775278795,5523620,6292540.646885132,17760,86336.27809189599
2021-03-14,24473137,56700917.56037886,11393356,33176195.408962537,6641533,13586726.705611318,471443,1761707.3205128205,267186,1618180.3921568627,126749,183718.24649723968,5556133,6287621.219086372,16737,86768.26755171154
2021-03-21,24786476,56504683.13987795,11554623,33097685.50282234,6766360,13508618.579828098,490690,1753915.2188552187,278171,1599934.1089466088,128240,182853.7282581999,5550158,6273950.686749593,18234,87725.31441788885
2021-03-28,24249730,57028953.728850715,11300413,33455167.57699132,6336639,13449593.461883862,508160,1757999.1546320857,290921,1664183.9057315234,123632,182399.92722272922,5670182,6430715.0447026575,19783,88894.65768653608
2021-04-04,25862430,56840113.784461424,12077299,33391273.92964393,7032787,13237802.256174283,510046,1749466.4285714286,296147,1692993.0202020202,132146,180170.8736398782,5792793,6498661.154762973,21212,89746.12146691632
2021-04-11,26235426,57013718.33273452,12369243,33587538.7225996,7135383,13217212.795096027,514120,1759242.4991674991,306985,1692256.2512899898,134390,180020.22078997124,5757016,6488756.599108152,18289,88691.24468327562
2021-04-18,26676388,56971396.99813618,12626409,33532762.75894438,7212083,13246656.00947614,525798,1756545.9120943605,310305,1684674.5414057677,134176,180452.6260554199,5848486,6481500.952343011,19131,88804.19781709833
2021-04-25,27398761,57076930.81165075,12989543,33524206.638440505,7373124,13305658.406020002,545610,1755779.6845763165,323300,1708721.9353081735,137425,178939.74387820077,6010371,6515789.662790958,19388,87834.74063659768
2021-05-02,27699420,58591159.04144915,13156152,34436316.24086614,7387665,13733439.491837138,582449,1799751.1409352142,338250,1704493.7208216619,141448,181455.47328136035,6072829,6641910.0628755,20627,93792.91083213282
2021-05-09,28385639,58200792.1971623,13589799,34055880.84018871,7488290,13725427.223898107,613278,1823569.8883901401,359806,1696849.423826947,137902,181504.26186081578,6176194,6623572.332853738,20370,93988.22614384405
2021-05-16,28970454,58353322.80896432,13945725,34206821.69115294,7578113,13730608.023643428,644629,1822527.0226692497,381144,1688996.7152893546,138271,181329.352487092,6258044,6628491.627392746,24528,94548.37632950676
2021-05-23,28082668,58234985.7129013,13685633,34108424.865318544,7202197,13745156.071450287,659212,1809540.029809595,371395,1680132.2039437718,134743,181375.3007416108,6005170,6614402.996870987,24318,95954.24476650564
2021-05-30,28313708,52884581.57391406,13691724,30664569.298668813,7014849,12082011.521397423,671562,1656232.257176244,516662,1549630.04135332,129932,169540.82309583074,6269124,6687042.209003363,19855,75555.4232190653
2021-06-06,30431731,57770014.603101835,14972455,33834975.71901552,7630025,13211603.884066839,687230,1879427.8171420083,567108,1741461.850153107,141646,182272.03834399296,6410600,6832268.3866170235,22667,88004.90776335174
2021-06-13,31392621,53191687.87807166,15510589,30808909.258968957,7753268,12160950.831508664,749944,1645316.1997227997,612191,1555761.9545105433,142737,170389.5754006001,6600479,6774385.538135139,23413,75974.51982496047
2021-06-20,31444040,57885803.20230479,15716155,33889298.96111468,7588604,13257868.118711114,761832,1880399.0203276281,625436,1754361.9441317196,137673,181916.2676121173,6587189,6831782.512122729,27151,90176.37828480432
2021-06-27,29277219,56172474.4768724,14541492,32603398.707506962,7039895,13049737.196515923,725873,1858563.4661826005,604365,1716024.8466180083,134108,176380.5952788231,6205290,6683539.363937841,26196,84830.300832235
2021-07-04,28634817,50286420.35190423,14064983,28572826.42156668,6958255,11831202.72748442,690083,1597747.143026485,558493,1504164.9264767491,126404,162459.22177023668,6212013,6550327.821671674,24586,67692.0899079812
2021-07-11,30985977,54526410.686643384,15461528,31406532.772981387,7601539,12762698.281402169,753746,1814310.50354251,636369,1676265.1936167974,136614,174064.138572977,6371648,6616589.0033973055,24533,75950.79313024331
2021-07-18,31363586,54785103.40377148,15646039,31604399.712638006,7633117,12812916.739354404,783010,1821375.0036538132,640288,1671369.5958159114,136251,173816.93544104457,6500315,6625162.886944974,24566,76062.52992332686
2021-07-25,31250395,54835045.8334701,15519900,31654887.009815797,7672796,12789220.452029342,788528,1809434.705417986,621532,1679778.758454619,135514,175432.56072179854,6487720,6649917.6747547975,24405,76374.67227576333
2021-08-01,31130461,54098014.60030948,15509704,31126367.427419055,7645367,12561371.048771821,754938,1802257.5467464237,625970,1620794.8452685296,137094,174205.5272414899,6432714,6738949.008150591,24674,74069.19671157259
2021-08-08,30772640,53890656.17245779,15235110,30952237.622483086,7561649,12525289.665662803,744330,1804808.96230962,580357,1617826.877807435,136272,174071.7468926908,6490826,6742814.323864107,24096,73606.97343804901
2021-08-15,29186612,53980727.4284207,14517104,31012824.64702046,7159878,12571067.252271399,704302,1795094.3451723715,572414,1617539.4354621365,129361,174463.6803782637,6077395,6734342.571040048,26158,75395.4970760234
2021-08-22,30122029,54048374.75638182,14939636,31052517.975526247,7281033,12586245.176495966,747538,1800797.775506479,567702,1625350.037820958,132436,174344.90059720073,6426292,6733935.395678058,27392,75183.49475690673
2021-08-29,29523935,57268915.73703153,14392973,33381656.483164664,7379206,13481611.369853294,784874,1824679.9960778884,525780,1671125.632629571,131903,179735.30217076896,6283848,6644747.023217561,25351,85359.9299177823
2021-09-05,30481289,54164619.584333,15400904,31322436.91913652,7166337,12920551.894633586,800956,1627813.7889364425,625516,1523016.6167319014,125573,170200.12956440123,6335398,6521920.247288652,26605,78679.98804150117
2021-09-12,34883053,59242626.356953494,18026166,34675084.84808842,8667757,14111700.848434426,849439,1859962.604243302,726905,1709533.6934747337,139770,182851.83970844734,6437883,6611244.184664516,35133,92248.33833964563
2021-09-19,35962994,59276452.865586534,18804658,34751400.05065305,8976217,14101826.477989975,882076,1845814.9266567484,744502,1703364.1698952366,138360,182673.48118814785,6378848,6598765.860645054,38333,92607.89855832218
2021-09-26,35984388,58837299.61369894,18813943,34530790.09842965,9026224,13970933.526307337,871080,1825946.7709363047,745547,1702827.475328527,139993,184748.15570369526,6349375,6527426.923989761,38226,94626.66300366301
2021-10-03,36105342,58223923.93769486,19007799,34391387.542164996,8906799,13636695.522231238,906558,1766583.4818594104,755057,1705489.2534145443,143470,185197.05645371796,6350898,6440212.696262573,34761,98358.3853083853
2021-10-10,35543704,58530262.01528808,18663723,34657873.45047484,8611405,13683829.111178288,901380,1778235.8846620389,763553,1711683.9594237434,138427,185075.6859018999,6428449,6415923.627026591,36767,97640.29662067255
2021-10-17,36834804,58455874.777569056,19566346,34595858.10940192,8952685,13670574.638171598,902296,1777450.8949710527,793333,1704922.678062678,142051,184556.41897252703,6438939,6424875.521513628,39154,97636.51647565316
2021-10-24,35993153,58369723.816234395,19406980,34521747.69864334,8616468,13645166.207031017,902340,1777212.2114322248,750536,1716290.869324474,139254,185135.89662471766,6139928,6427130.924282667,37647,97040.00889595794
2021-10-31,36615208,57445281.16796512,19838862,33924694.18980052,8636739,13248531.389032517,928095,1851308.4233685099,792818,1685248.254923657,138089,190967.8253160012,6241405,6452620.507247397,39200,91910.5782765145
2021-11-07,36290776,52592572.47677173,19650898,30821503.967830848,8514981,12063383.882219337,914532,1618615.4857933493,777339,1503793.6115957003,138276,179867.56187198302,6257074,6328065.056804501,37676,77342.91065600539
2021-11-14,37632629,57347705.67159242,20360067,33827209.39334505,8902862,13247943.010361336,964793,1855503.5314268866,810060,1690761.441452569,143000,191738.9474676244,6411583,6442947.556095097,40264,91601.79144385026
2021-11-21,31153023,47582616.38005819,16295380,27558396.937486224,6882944,10889380.379750993,897206,1385992.3187408345,723661,1317483.9851475225,112654,166973.18905926344,6211419,6200850.104483282,29759,63539.46539007515
2021-11-28,37164725,55864907.12390221,20318132,33198587.859751176,8675697,12662895.74642896,959471,1832172.21022518,794104,1670019.8837196075,137856,185182.80292419996,6244402,6226428.6671776315,35063,89619.95367545445
2021-12-05,37492721,54684664.34371057,20829574,32602788.069694687,8531675,12245886.094292872,944596,1815687.76106934,789924,1653611.1083922691,138279,180699.45411605938,6219994,6099809.882627857,38679,86181.97351749134
2021-12-12,35876406,54731458.54991276,19429853,32643322.452021435,8384135,12220428.757756244,900279,1818110.1526220103,760828,1665890.6339229879,139103,181190.71925862913,6224279,6115960.89403836,37929,86554.94029308847
2021-12-19,27673866,50296575.45031251,14205954,29721357.5102965,6591959,11224993.972070642,685861,1612293.4103955405,554123,1487756.186088686,112756,169990.72701314706,5495825,6005805.597710581,27388,74378.04673741714
2021-12-26,23715676,48722438.05857842,12416802,28570801.695019588,5219293,11140137.385195108,614200,1545721.1546678646,520738,1446102.4326517023,89509,163069.14137333326,4833693,5784146.950008386,21441,72459.29966243709
2022-01-02,26010474,52192984.19025441,13827177,30560059.287256204,6295553,12320321.872319994,594318,1693438.9383073456,480918,1568175.5208858212,103124,169516.9580972204,4683996,5792490.553710195,25388,88981.05967763663
2022-01-09,28144163,52058639.63384393,14720396,30465874.258214734,6802346,12306746.096131556,650569,1683673.0869048794,517348,1559969.7972370766,112186,169325.37865011318,5314190,5783835.038369856,27128,89215.97833571694
2022-01-16,28121205,47472097.01746187,14723854,27577489.350827478,6721423,11191488.565523004,679755,1467997.1794272386,517379,1385787.3773519616,106856,154422.2221335878,5346103,5619930.942992354,25835,74981.37920624818
2022-01-23,28899031,52081499.39306606,15640082,30437794.319034092,7035812,12336047.937553875,666819,1703776.084298376,554807,1559510.9334039923,114114,169618.94489423453,4859037,5785838.246710628,28360,88912.92717086835
2022-01-30,31397032,54274485.23759194,16907592,31874252.50340136,7347200,12889322.867879892,765035,1682200.0196904545,640412,1568551.6850781639,124064,179261.9442418756,5582893,5992601.713776351,29836,88294.50352384015
2022-02-06,34178448,54701165.28148562,18393786,32141482.82284003,8209062,13024752.324064825,818124,1690309.884817475,690417,1571139.6559401362,136988,180421.47964207747,5896260,6004801.980630433,33811,88257.13355063794
2022-02-13,34118940,54811155.07605593,18372208,32257859.435390353,8008877,13030705.854854573,819885,1687695.6519370114,696775,1566164.6079023576,134618,180191.74869597802,6052161,6000403.314806908,34416,88134.46246874818
2022-02-20,30475226,49788863.84150988,16167856,29007773.48642973,6869187,11814369.931037918,767367,1457432.268219723,610369,1388946.4555842623,119711,167927.31089288674,5912114,5877830.76873139,28622,74583.62061396775
2022-02-27,35432073,56350578.60689105,18947201,33008886.815160014,8473237,13467819.342104275,880354,1747904.0022008559,791254,1604006.862924657,141609,182741.91726354486,6162766,6251010.432842192,35652,88209.23439551258
2022-03-06,35181432,56677827.515923426,19017570,33203905.888433505,8314826,13542316.34301873,900511,1759781.358438024,790604,1609871.0699165165,140415,183157.8902500012,5981886,6290982.507820817,35620,87812.45804583014
2022-03-13,36578379,56631269.48380993,19726770,33181945.832405694,8540698,13507329.747385232,971827,1760469.9065343768,837011,1607247.9501133787,144635,183034.93196498873,6319898,6302936.993875623,37540,88304.12153064327
2022-03-20,36275282,56534290.03656112,19577210,33069323.584386658,8512425,13561552.744020727,952696,1756949.629420085,817294,1606843.29662339,142040,183076.02815475044,6237284,6268557.893142767,36333,87986.860812741
2022-03-27,36538906,56960349.734794915,19770439,33412820.704468437,8580229,13446803.725483874,926671,1767689.8977558592,812363,1643746.1093893822,146369,183219.67817293276,6266154,6417354.795267955,36681,88714.8242564749
2022-04-03,37393945,57066099.081753716,20348642,33590931.68412465,8695631,13280163.403771687,960458,1757339.054780577,863164,1685276.7257750703,150221,179798.40457984823,6342438,6481205.551593776,33391,91384.25712811327
2022-04-10,36012951,56950464.285162635,19062929,33478937.76931246,8429332,13274110.828854889,986156,1758094.2359527266,876617,1688509.4704804998,148800,180440.8090606194,6474189,6480840.726929186,34928,89530.44457224861
2022-04-17,34466584,56931290.402206734,18520584,33426301.31390004,7542208,13298445.742740657,962443,1760005.5326348161,896868,1685003.3839432476,138739,180140.9239827537,6377455,6490848.976919725,28287,90544.5280854935
2022-04-24,37555145,56901482.57135685,20195751,33454279.92471501,8828139,13251720.981212169,984114,1766654.0611701629,874523,1687579.1975993752,146340,178750.2005009463,6488547,6472726.79583068,37731,89771.41032850051
2022-05-01,36382941,58236941.965163015,19618628,34137507.62166323,8356724,13711384.787081791,968417,1807540.753354948,850266,1693757.047150538,149559,181124.83055458055,6404013,6610588.016184952,35334,95038.90917296952
2022-05-08,38153550,58301874.08376554,20559297,34198238.5605008,8887934,13713240.973900918,1017699,1811047.9289871587,901985,1687336.7654094307,147360,181181.2355495083,6605386,6613280.115734922,33889,97548.50368279949
2022-05-15,38753570,58334043.17989071,21045794,34161928.35678373,8817236,13765678.914554222,1049435,1814416.6219904583,924922,1690903.5149577563,148207,181250.4574573342,6730682,6624421.885396897,37294,95443.42875031
2022-05-22,37334007,58450447.96692916,19916991,34312588.998301536,8720841,13737166.46894962,1051583,1813653.062328442,911585,1689818.881866189,147729,181225.74644283263,6548284,6620674.572505694,36994,95320.2365348418
2022-05-29,35423705,52894305.23917814,18790556,30662356.41610365,8108081,12135514.790129025,957506,1636602.4626770904,861714,1544375.3036803615,138101,169700.4880595589,6535612,6667262.007903983,32135,78493.77062447785
2022-06-05,38062457,57906894.84211405,20556550,33975247.479943834,8614593,13204160.126027908,1099947,1890381.2690831076,960696,1749487.3691334357,152896,181879.53726339142,6641162,6815661.37223969,36613,90077.68842268843
2022-06-12,38679799,57907770.62513365,20759705,33912174.48499089,8784699,13243512.628469821,1132118,1892387.7752403372,980064,1748838.667577594,156925,181929.77938380803,6827979,6838772.078344423,38309,90155.21112677908
2022-06-19,37441375,53206223.44607021,20160402,30786444.097827405,8146608,12190289.8903348,1121675,1651700.2799135116,1007036,1556364.8232334612,146061,171036.97829358585,6828041,6772462.793616406,31552,77924.58285104185
2022-06-26,35623767,56550497.97736505,18911185,32878726.5738176,7986105,13106147.102882147,1077634,1872338.3265749277,918492,1724324.8126733298,148236,177629.80394466192,6546511,6704407.087474596,35604,86924.2699977828
2022-07-03,32965332,50354211.50134719,17237746,28622162.91907587,7443264,11848239.51739233,941496,1596361.8197619698,822854,1500819.9666367031,137068,162484.9862108542,6351706,6556844.241726984,31198,67298.05054247474
2022-07-10,36273230,54774866.884180084,19247177,31575359.593653187,8236938,12838164.38794964,1056255,1818650.8678119848,965573,1674828.6126676896,152335,174352.68009720583,6583462,6614689.325573868,31490,78821.41642650469
2022-07-17,35486214,54711330.00610031,18756710,31520271.44717861,8047080,12821324.98831487,1053506,1816621.0888440113,893053,1675403.2014135316,148681,174349.34038829387,6557355,6627993.640434229,29829,75366.29952677152
2022-07-24,35874340,54650197.928134836,18943796,31491710.90493203,8130792,12808537.636984775,1042372,1806761.1856206611,944964,1674297.4114597817,150328,173985.47113572282,6631238,6616735.436981339,30850,78169.88102052426
2022-07-31,35045231,53991069.01369625,18346523,31019088.94861162,8074911,12566348.04861277,1008493,1793903.373547088,882855,1620496.9649868794,152952,174121.84938725404,6550853,6742894.919993014,28644,74214.90855762595
2022-08-07,35542327,53932223.91797809,18678127,30956634.744514912,8092338,12567344.460247982,1055382,1802885.2530756819,883078,1621133.7162586316,154902,174351.30734305238,6646717,6734899.657005505,31783,74974.7795323246
2022-08-14,35218928,53957434.990606055,18542975,30998974.47233898,7899648,12550501.27911137,1034457,1795536.5474076876,929691,1620229.628883175,154459,174505.61572803571,6626058,6742319.68797019,31640,75367.75916661415
2022-08-21,34831958,53977809.32455621,18308995,31033563.025966898,7777617,12533077.01468311,1051608,1799783.1308063664,890871,1624000.153749214,150451,174131.46726687724,6620171,6738120.569871128,32245,75133.96221261569
2022-08-28,36025601,56219321.15184781,19031407,32713913.007729284,8090500,13138024.802756727,1159325,1805584.6560160664,892538,1644755.834761981,153713,177594.15373886525,6664079,6658223.029950513,34039,81225.66689437207
2022-09-04,35953049,54294971.42447108,19420225,31455648.914477907,7911244,12913983.249312127,1063287,1628188.6956375316,929285,1517841.5625840714,144018,170396.5282317302,6453459,6530566.324113197,31531,78346.15011451452
2022-09-11,40665615,59083699.61413224,22187776,34522022.306747034,9371915,14132005.224218275,1157872,1859838.0893774673,1037546,1699419.7693818286,164220,182553.39085055108,6704972,6595091.99905825,41314,92768.83449883449
2022-09-18,40430914,59222500.89275563,22512129,34657030.74474982,8957796,14130577.792466894,1157053,1863192.6222604436,1088530,1699287.8205509277,160355,182721.5128481181,6513480,6597018.516109007,41571,92671.88377041637
2022-09-25,37493885,58924890.59968844,20595145,34589186.302379556,8370360,13965130.135136755,1080871,1842216.3467293691,996115,1702914.511299586,154385,184276.23200985102,6258996,6546962.920812187,38013,94204.15132113155
2022-10-02,38987840,58334737.605174854,21600042,34494363.548158154,8602588,13642691.112378966,1151961,1775116.6284949514,1027005,1716787.7542388467,160453,184890.75283302274,6407183,6422864.66435388,38608,98023.14471703662
2022-10-09,38930338,58485939.319706015,21381231,34644060.89842554,8662342,13643225.373888686,1134214,1777345.590113393,1067893,1710317.386834642,157016,184582.92022190307,6490009,6429679.252292207,37633,96727.89792964212
2022-10-16,40361012,58441025.14354186,22374689,34578797.74493842,9056332,13674335.286722107,1146430,1779181.5340611436,1100759,1708077.0490144033,162482,184411.582653349,6482776,6420259.343404309,37544,95962.60274812907
2022-10-23,40714980,58392431.16940842,22699243,34540532.31189031,9107600,13653722.960473774,1117572,1775004.833097307,1048225,1706633.0457050856,164988,184949.86110219877,6540039,6434698.083462944,37313,96890.07367679567
2022-10-30,40592831,57517458.53037348,22860541,33990376.06230123,8993312,13269116.398574565,1139443,1841502.444341373,1061824,1697888.2996510372,166084,190563.50849529143,6329085,6435824.713728547,42542,92187.10328143463
2022-11-06,38880516,52573519.58650721,21682979,30798642.82159331,8503132,12075636.124146061,1138611,1617558.793182764,1049780,1505574.4840011701,160437,179212.99313655074,6307800,6319143.485786797,37777,77750.88466055426
2022-11-13,39860629,57343234.06813051,22248128,33851941.95140376,8826939,13223324.976004388,1122205,1852946.2228315875,1043466,1681575.8718690022,170103,191968.09458850697,6410400,6449980.583663701,39388,91496.36776956267
2022-11-20,32308182,47589315.8916528,17093266,27566603.877689485,6901198,10872636.449480033,1035674,1381454.383981304,956213,1323101.2251212667,135597,166940.59244265995,6155832,6214684.523562157,30402,63894.83937589452
2022-11-27,39036478,56379395.28623609,22084443,33472903.54309112,8507384,12811988.5996105,1092152,1843823.8158304607,1012182,1681710.4497264666,163775,186666.64210233593,6137861,6291456.361006836,38681,90845.87486837487
2022-12-04,40537062,54730116.289975286,23241771,32621023.263402328,8642698,12262809.214028787,1141377,1809294.109726951,1063672,1663324.870348816,167341,180531.03933728344,6241321,6106710.823066224,38882,86422.97006489802
2022-12-11,39707065,54661377.346067734,22548859,32573697.615367778,8395183,12250684.490497554,1140801,1810924.0763842317,1065878,1658997.1540723955,167018,180672.07452160527,6351136,6100061.252239243,38190,86340.6829849231
2022-12-18,34254449,54608628.4294759,18875751,32522025.78333173,7289863,12236104.481254965,1016941,1813898.182599017,895158,1662330.6598861732,153228,180409.01527608227,5990318,6107526.654786696,33190,86333.65234123854
2022-12-25,31109164,49780681.888700284,17194904,29387354.39304536,6074129,11211015.739902798,980883,1577805.8393664616,899990,1469219.4970283248,125978,165036.92405721603,5805878,5897054.569938431,27402,73194.92536169007
2023-01-01,34053223,47363736.58735478,18912263,27426399.930580843,7533755,11254358.067269051,930589,1472258.1159347126,869689,1388241.0271603523,144469,154702.07017002607,5628734,5592624.960974508,33724,75152.41526528902
2023-01-08,37140878,52146493.56138252,20644802,30483061.811201513,8305551,12338907.495104112,1072837,1696030.1665437873,981858,1565058.8328159624,164032,169335.61891565076,5933828,5805322.033334378,37970,88777.60346710347
2023-01-15,35692341,47343391.21749475,19825834,27440397.71587867,7878687,11202989.72555343,981038,1469848.345432244,908391,1387489.360949508,154640,154707.03655463262,5908977,5613025.659983262,34774,74933.37314300243
2023-01-22,37551249,52122030.523367696,21062947,30522687.226948842,8294167,12295695.286165832,1098311,1694868.2646583805,988040,1559920.9271639497,164361,169066.94380002093,5905770,5790958.459288925,37653,88833.4153417444
2023-01-29,37035976,53848855.78643328,20817984,31579579.703389134,8172348,12770610.825760415,1048464,1683290.6480433356,944949,1572116.1749361008,164483,177737.30137956195,5849590,5976797.208917475,38158,88723.92400726351
2023-02-05,39515541,54755756.05528769,22265778,32209470.30580615,8846465,13008961.881908095,1114982,1684978.6337088745,1000985,1571770.7913951012,174532,180298.87189801922,6073626,6012500.4401506875,39173,87775.1304207664
2023-02-12,38993018,54738560.408445105,21911286,32227566.03260433,8600590,12986692.098144839,1106514,1686572.0357252478,1012161,1566756.855732315,170920,180191.2583943834,6154876,6002464.934180538,36671,88317.19366344977
2023-02-19,35098027,49790048.82482805,19432353,28995739.19369514,7561473,11821722.211015636,1007951,1465996.126779133,895149,1388018.3496214633,154702,167348.5169160813,6017052,5876060.465308961,29347,75163.96149164083
2023-02-26,38819844,55964904.90348646,21723801,32786770.099347547,8778299,13362453.055269772,1095616,1739766.698440726,960884,1591844.0867835123,171790,182613.0021793686,6052344,6213229.441428811,37110,88228.52003673055
2023-03-05,39932088,56556513.85924142,22377770,33111963.719706662,8897146,13516383.851278432,1134246,1764227.2815648592,1042686,1607059.8764378836,176636,183375.47086771863,6265007,6285414.763878396,38597,88088.89550746816
2023-03-12,40218214,56655572.621052094,22765660,33219798.433791015,8745172,13514577.723810097,1167363,1764778.9255959573,1037209,1608165.0968009834,173520,183554.75995804797,6291155,6276829.346525645,38135,87868.33457034471
2023-03-19,40063474,56772430.52681606,22443306,33246224.793982107,8861712,13599236.168881146,1168596,1760674.4835973596,1043474,1602956.14332244,175922,183019.5055653114,6331376,6292084.383542756,39088,88235.04792493842
2023-03-26,40387272,56990126.787730224,22703348,33427413.45177929,8908660,13501621.201685106,1152176,1773564.4632043696,1056703,1629058.4174513267,177138,184047.6654984057,6350429,6386102.516972632,38818,88319.07113909394
2023-04-02,39264094,56905396.13459236,22105751,33494646.829981547,8378598,13221603.308859803,1175980,1764293.7582159815,1049769,1678411.8682059983,172721,179807.9415442198,6344047,6477164.498645255,37228,89467.92913955545
2023-04-09,38600754,57021189.83149662,21587211,33573012.774141856,8089537,13256408.076901307,1181083,1760391.9669943417,1102494,1678238.2549566554,169842,180253.68711981602,6434933,6483378.355636992,35654,89506.71574565952
2023-04-16,41151380,56944052.81110785,23132746,33521962.4016044,8892305,13225306.791538868,1200476,1758732.6661035852,1106853,1688031.937017248,178793,180012.18301195296,6600890,6481090.992936872,39317,88915.8388949174
2023-04-23,40739373,56879787.15279404,23140016,33433793.141090173,8751944,13258050.758438233,1201799,1755278.3654665118,1045566,1685496.402853045,176363,179953.9588856267,6383870,6477984.880410885,39815,89229.64564957266
2023-04-30,42273236,58355826.41137989,23998482,34211457.22082558,9085952,13746362.502981666,1220165,1810030.7322516807,1106231,1686381.9693395281,183339,181468.15751919008,6637276,6624792.016025328,41791,95333.81243691906
2023-05-07,42356300,58414043.87763657,23656182,34244950.65838063,9094476,13761358.910399303,1269131,1816239.0596685144,1186333,1684908.8381355878,187912,181308.08589703005,6921370,6629854.825797103,40896,95423.49935840338
2023-05-14,42320392,58357867.431252494,23979723,34252586.29586913,8891290,13695615.471627962,1285463,1812212.9260567299,1165530,1690275.802615259,178400,181511.79051338974,6780201,6630674.847066035,39785,94990.29750398145
2023-05-21,41492301,58406827.959157854,23221740,34284488.689879425,8833013,13731080.515042635,1285344,1806875.8912899576,1220179,1684315.039005951,177677,181213.2477602752,6713549,6623551.687831651,40799,95302.88834795462
2023-05-28,38769182,53267727.4155141,21499716,30903410.234448925,8148374,12305343.959833188,1188175,1623929.2935298036,1057144,1531839.5782190156,166049,169781.40411038903,6675083,6653773.925523108,34641,79649.01984965938
2023-06-04,40361247,57848244.130998604,22595294,33925125.39761284,8358404,13195960.961831383,1281927,1886560.0729890137,1178146,1744012.2479472058,178554,182143.09432661894,6732356,6824637.933217116,36566,89804.42307442779
2023-06-11,41431478,57771418.26944811,23042071,33866813.46487459,8685503,13196170.659324996,1373411,1879759.8308320132,1196614,1744867.7164502165,185964,181668.6285405454,6908076,6812514.317308508,39839,89623.65211723908
2023-06-18,40092238,53241441.45612024,22265740,30894790.816377193,8124838,12139110.03822204,1382086,1649605.8468443234,1233900,1555377.8892566788,169874,170197.23028391367,6878693,6754968.523255318,37107,77391.11188077857
2023-06-25,39262203,56971974.78127447,21656503,33171607.342766117,8096552,13172476.298525352,1349936,1894244.6488725236,1154397,1738473.678184302,175875,178529.14046984407,6790533,6727068.091885652,38407,89575.58057067459
2023-07-02,34334009,50390886.54511075,18644083,28676089.03364633,7172980,11849779.0994166,1080948,1607138.1028294924,951917,1498951.9636734207,158705,162494.91523894342,6294796,6529198.064706214,30580,67235.36559974203
2023-07-09,38663490,54754695.252859555,21302449,31593136.799252287,8136762,12798524.104678625,1267130,1813731.3406095863,1105139,1676789.912082437,181462,174425.16576244577,6633879,6620741.649303114,36669,77346.2811710575
2023-07-16,39637426,54799078.824924834,21928918,31575847.08196052,8130966,12856703.931632305,1330196,1812500.1789143558,1152512,1680567.5894043737,180803,174109.68623892256,6878107,6621700.671292134,35924,77649.68548221965
2023-07-23,39307752,54683072.62970981,21694339,31505091.344685264,8114905,12831224.930037314,1321585,1818674.8626684274,1152310,1676181.8035435362,177419,174222.8601304532,6809861,6600050.801419139,37333,77626.0272256757
2023-07-30,39217900,54213096.723066196,21556397,31146149.754194565,8186467,12649711.354538288,1291223,1802980.4546744765,1165145,1631302.4418025964,182667,174606.0818910075,6798512,6732869.539367941,37489,75477.096597323
2023-08-06,38539113,54064274.34084758,21225473,31074854.31767919,7989592,12583036.336577225,1294573,1799344.3454060268,1102577,1618756.4092128528,182786,174352.596583252,6706852,6738735.32238897,37260,75195.01300006692
2023-08-13,37948343,54013544.74948685,20723604,31009253.88330121,7852318,12599151.612423195,1297253,1798643.8935034273,1120023,1617003.5849714759,181833,174437.4550925237,6737478,6740055.370104278,35834,74998.9500907441
2023-08-20,37048470,54010923.460329145,20260650,31060345.993108235,7626961,12548183.487526007,1252917,1806651.4181460794,1073229,1624468.4273477655,176671,174227.80934993865,6623286,6721855.921205066,34756,75190.40364605296
2023-08-27,38216896,55406972.665810384,20953301,32153956.32047338,7868229,12891581.469626674,1365891,1796363.4813071804,1067887,1637601.5667776102,180679,176116.41478686794,6744687,6673591.559725091,36222,77761.85311358064
2023-09-03,37680905,54233457.339554034,20800837,31413999.567644004,7704605,12897665.451934403,1266360,1626144.1474635636,1092481,1514976.6508336123,172051,170119.97473994855,6611236,6531886.792912635,33335,78664.75402587008
2023-09-10,42116503,59241936.2828861,23723690,34647108.37650763,8865882,14162803.833943833,1367483,1853862.6298600573,1232751,1696904.4680789437,193663,183005.72593294556,6690697,6606078.57897476,42337,92172.66958793839
2023-09-17,41118858,59095359.07544999,23656705,34584524.070964105,8380991,14080722.213010205,1334461,1853845.5665821587,1203729,1701100.1571752564,184107,182904.04766162846,6314928,6599990.399132048,43937,92272.62092458936
2023-09-24,38312512,58946844.47875334,21627148,34547609.69125044,7838158,14008024.095746307,1277945,1849590.851532087,1126917,1693646.639274574,183905,183917.06489533366,6220897,6570377.427929993,37542,93678.70812460381
2023-10-01,41399631,58458648.09890346,23598513,34602126.40014604,8487921,13646450.14551878,1339005,1776808.4046950175,1208801,1714807.34085629,192600,185066.91900274856,6530791,6435857.210755468,42000,97531.67792911695
2023-10-08,40203902,58384828.391583174,22743527,34520851.44578023,8065018,13667705.448252594,1371008,1777866.527721581,1230182,1708904.381785097,186616,185017.51368640875,6566859,6426956.777726461,40692,97526.29663079994
2023-10-15,41780782,58296065.4574917,23916503,34457335.651056685,8406771,13646928.746774545,1377130,1770873.0679280774,1240640,1712884.6954147276,194148,184853.76314388964,6602240,6425709.370557578,43350,97480.16261620139
2023-10-22,42501351,58409208.59224026,24402006,34521459.48516419,8494545,13689686.200992228,1383336,1781180.5774967885,1273040,1712498.7081233552,195823,184899.01192801865,6708829,6422546.205843762,43772,96938.40269192067
2023-10-29,41830016,57649858.26052927,24473398,34044380.5307945,8153446,13384877.733856978,1357787,1819213.9429336572,1243493,1693214.7178219915,193028,188756.67020080355,6365037,6426435.716095293,43827,92978.94882604924
2023-11-05,41088374,52591193.20940141,23575364,30815849.587134782,8108439,12056724.340288814,1384978,1613332.9220741729,1248836,1504033.0052496418,190854,179354.3691659508,6539143,6344517.865325916,40760,77381.1201621327
2023-11-12,41559647,57366736.51297584,23836964,33841849.514538184,8276209,13263110.33234127,1384233,1846685.0269763872,1253494,1684255.917336388,202557,191879.1774535385,6562754,6447438.557725631,43436,91517.98660444607
2023-11-19,33916092,47659324.07189842,18696642,27601539.560346562,6257846,10903678.318094522,1278553,1380518.9218041257,1155070,1324377.1604687418,159704,167021.24961663684,6336597,6218536.981274916,31680,63651.88029292181
2023-11-26,40697014,56907530.94330721,23844423,33694752.58890635,7749697,13045050.491139576,1332666,1863291.4741756832,1207098,1685694.1927133263,196002,189140.5435564326,6325728,6337316.017931944,41400,92285.6348838993
2023-12-03,41804151,54706743.11801322,24529884,32593671.74352218,7953957,12264192.793442046,1400949,1815561.2887486184,1269316,1660939.0418124993,200086,180845.88118838368,6407797,6105083.203855878,42162,86449.16544361647
2023-12-10,41826431,54700841.61760075,24550350,32605649.45631344,7764229,12254816.33451019,1411892,1815011.9918246006,1285551,1654656.9382791766,201903,180654.30457783918,6571217,6103905.154424101,41289,86147.43767139642
2023-12-17,38346936,54684477.70599952,22015160,32566984.736271743,7172593,12273034.578125728,1374112,1811435.7223092942,1208402,1658236.7083368483,192961,180531.88069388253,6346059,6107548.4530358305,37649,86705.62722620352
2023-12-24,31218871,50363029.65135054,17492966,29730865.070390966,5490275,11263394.978005912,1197578,1605998.3688105554,1059598,1491541.821067286,151743,169411.85827143013,5798524,6027587.5584373,28187,74229.9963670972
2023-12-31,32803529,47445209.4125657,18733118,27522168.241991967,6375051,11221856.646447789,1087234,1474496.174778184,957496,1388080.6535676294,157716,154509.28579729772,5459208,5608400.8793607075,33706,75697.5306221287
2024-01-07,37164614,52277364.23291363,21179731,30587676.478017703,7478085,12377436.286732962,1263986,1688977.0249182256,1122590,1569782.9410258026,190300,169286.9378182885,5891183,5795324.130918281,38739,88880.43348236548
2024-01-14,33919445,47396612.3966741,19455200,27462442.15628011,6625936,11230303.231145037,1098855,1469707.7116507008,977392,1389034.3917218314,170509,154930.1365278617,5560479,5615333.378769256,31074,74861.39057929261
2024-01-21,37648314,52198546.06829955,21519786,30521321.797613587,7509416,12373348.126056438,1296788,1692149.3325287846,1145915,1565020.341753102,196703,169477.77005298354,5942537,5788784.458344162,37169,88444.24195048945
2024-01-28,38724952,53523394.16815637,22162309,31389162.64686967,7833519,12668097.691691205,1288542,1684481.403866143,1143009,1567525.7376730596,201831,176860.69602507545,6055817,5948371.008152597,39925,88894.98387862735
2024-02-04,39781685,54765605.6711703,22851442,32235669.976124402,8029417,13003330.622466957,1334713,1686638.625805522,1158345,1567581.914871688,207480,180125.37384364073,6159943,6004532.132075064,40345,87727.02598302717
2024-02-11,36393656,54686906.79050114,21020091,32204194.819647983,7078287,12958516.048800975,1234521,1683838.4194967772,1084492,1567447.0558617404,188754,180272.84683783285,5752566,6004960.153256226,34945,87677.44659960717
2024-02-18,35784223,49898308.59146685,20183794,29078949.258579984,7002984,11855483.898655042,1197366,1462467.5080817507,1048999,1385405.55189113,185625,167775.6721836788,6131953,5873416.758249707,33502,74809.94382555806
2024-02-25,39368945,55547534.70094884,22560799,32665870.618160054,7885379,13174277.9271939,1285046,1719077.8822901237,1128112,1583887.6768908347,205886,182362.52221462748,6264087,6133020.326353768,39636,89037.74784553543
2024-03-03,39593183,56636872.10615371,22735937,33182692.76839246,7860573,13513484.083450396,1338877,1762749.9195103142,1156909,1609052.2146393165,210304,183657.57749259972,6250529,6296764.9148070095,40054,88470.6278616182
2024-03-10,41218716,56668456.29384049,23728394,33202080.35363191,8125446,13537056.291000726,1405114,1757681.352164268,1242152,1611747.674947779,213457,183153.58287670472,6461977,6288763.112287153,42176,87973.92693195093
2024-03-17,39232858,56636667.04750772,22458801,33241411.726678506,7776089,13477575.343417054,1344368,1759996.4558458396,1152136,1607596.6207802203,211415,183369.61069460915,6250235,6278495.562636746,39814,88221.72745473988
2024-03-24,40456435,56729777.76119463,23313466,33267365.69273688,7708597,13539115.204268388,1443177,1760471.6284982623,1220475,1607426.3441895188,210364,183385.48980887423,6521226,6284042.822807605,39130,87970.57888510446
2024-03-31,40248715,56859526.191837095,23390656,33407926.490475606,7656012,13275756.365447959,1353237,1753586.4117524389,1197384,1684969.7435155062,211887,179889.25852336528,6401305,6467730.357255621,38234,89667.56486659712
2024-04-07,40987876,56884659.72687911,23614259,33474777.76950174,7916335,13215885.546872066,1398353,1755510.679643148,1240030,1686952.1844371532,215889,179953.10624739627,6562740,6482137.951895587,40270,89442.4882820261
2024-04-14,41512833,57048259.403143704,23886717,33600679.315698884,8099819,13248579.21825116,1402512,1760166.6028858814,1271000,1684368.1772781634,215414,180178.75416944484,6595842,6484759.072403856,41529,89528.26245630969
2024-04-21,38645671,56847773.69335572,22097118,33383145.84569979,7289664,13270377.116032116,1396498,1757734.6019564369,1260222,1688089.0340709689,200810,180075.56722565126,6364367,6478945.436721173,36992,89406.09164957849
2024-04-28,40395436,57792483.10236464,23290445,33862546.654362306,7768395,13590003.765504349,1381796,1791330.6691473387,1250855,1687758.4992672706,213258,180570.2436872918,6450328,6586894.115365168,40359,93379.1550309154
2024-05-05,41885229,58378575.38689646,24109151,34231170.38282464,7993396,13750009.9109867,1448946,1813146.0965803922,1278354,1689787.0498564544,224521,181473.4036139562,6790332,6617516.608528083,40529,95471.93450624397
2024-05-12,42439178,58243697.01002132,24669129,34115356.16203871,7923105,13713162.359850273,1483202,1813416.3611576767,1324416,1690862.6416460846,219483,181110.78248173877,6777910,6634515.820357809,41933,95272.8824890216
2024-05-19,41470062,58305475.230877,23628153,34197348.3248876,7976445,13704151.270480812,1506321,1809585.969376298,1329401,1686102.6700395257,217119,181419.12447495628,6769756,6631299.040868912,42867,95568.83074889105
2024-05-26,38228738,53508713.21226919,21593211,30998538.58204639,7263323,12544444.529927725,1353721,1597514.6842254892,1170161,1517595.6119127898,199351,170120.08652211286,6611636,6598089.715109271,37335,82410.00252541425
2024-06-02,41929352,57924159.16101165,23977734,33933787.84405201,7947344,13264058.869422816,1534709,1878806.1942959283,1337194,1746742.4172003176,224848,181921.7004089469,6865519,6828683.178603638,42004,90158.95702799506
2024-06-09,41545602,57888122.57685463,23458411,33923504.39541288,8130118,13242064.815949079,1529306,1883994.532193239,1324796,1745422.6421351342,223769,181560.89789379245,6835866,6821135.788318751,43336,90439.50495175472
2024-06-16,39357957,57901210.255166814,21944418,33953089.58638332,7465271,13226188.739312666,1487138,1887318.8995162623,1326449,1741197.6495390716,209428,182323.19646471675,6888360,6821458.174365755,36893,89634.00958502125
2024-06-23,40529223,57864193.4153437,22957201,33894272.39218192,7483617,13248754.866548456,1558427,1883804.8233889192,1340376,1744417.7767366248,218334,182072.70288318934,6930758,6820573.13654298,40510,90297.71706161289
2024-06-30,34305522,50330120.157582074,18823403,28633749.944319714,6618475,11815833.613036096,1253095,1607785.5914981952,1098886,1501475.7632326186,193920,162379.76813905954,6284250,6541412.953312243,33493,67482.52404414212
2024-07-07,38548063,54705564.10403976,21547707,31558875.09785719,7396997,12788035.206389362,1446969,1812051.9241107728,1235496,1674824.061595279,219434,174202.2666506243,6663032,6620110.417254779,38428,77465.13018175277
2024-07-14,38972023,54750892.07707918,21663757,31562172.610569123,7468968,12829320.060532687,1474494,1817037.2724904008,1291545,1674919.2800396506,217240,174226.3758708908,6817615,6615624.486009195,38404,77591.99156723147
2024-07-21,38815589,54808904.61553139,21584002,31641423.277948957,7430002,12816667.812960953,1491298,1815926.682772284,1310009,1677212.1271065518,218606,174393.4077814158,6742724,6605761.840602866,38948,77519.46635836088
2024-07-28,37781843,54552850.692124896,21020717,31398907.635411438,7238263,12741728.190351442,1410716,1815318.4485356123,1212280,1654422.0046104218,217427,175892.37420993982,6644328,6690057.126804726,38112,76524.91220131986
2024-08-04,37299206,54012965.87493569,21003081,31048586.46369176,6942911,12552593.71225266,1408901,1801957.8858323328,1192114,1619335.3812394768,218007,174466.12061716,6496874,6740764.311969772,37318,75261.99933252679
2024-08-11,37407976,53951473.3335609,20869147,30992852.434209265,7099618,12542170.602867993,1434304,1801987.102436514,1176583,1623557.5818737575,220949,174224.7006655843,6570051,6741487.934165031,37324,75192.97734275731
2024-08-18,37682878,54032786.07497097,20927117,31012400.160716426,7055203,12615460.995400378,1481255,1800481.0736296051,1215921,1622657.60684642,216574,174760.79255574994,6749532,6731880.037982685,37276,75145.40783970931
2024-08-25,37743382,54128263.414192386,20825629,31202913.030878305,7252282,12548802.985520227,1551381,1795663.511165479,1187320,1618083.9903744014,215719,173613.87482177615,6675433,6714705.596072174,35618,74480.4253600281
2024-09-01,39043028,54160130.97867519,21914665,31339947.937754914,7724379,12897088.14132229,1448181,1624515.3815782985,1169533,1518871.3468230003,208729,170412.28758457277,6540810,6531050.655243415,36731,78245.22836869906
2024-09-08,44238156,59229988.52769948,25220293,34672073.454962306,9034321,14130323.14144413,1565790,1853343.7956104898,1379825,1702406.2873841259,237290,182563.67286136467,6754141,6596789.457214672,46496,92488.71822238999
2024-09-15,44621088,59202004.7195466,25308401,34628411.013415225,9257380,14144808.763509925,1639052,1857508.605078685,1356945,1695104.2778644655,235263,182677.55756722385,6777515,6600816.220781093,46532,92678.2813299747
2024-09-22,43964078,59193976.398361556,25316910,34669386.31136606,8878954,14095088.421326658,1563075,1848250.2940287115,1380205,1699024.8467527963,227427,183085.6197060688,6550753,6606598.166163571,46754,92542.73901769177
2024-09-29,42483241,58471310.30724716,24034600,34508389.97190656,8765608,13716148.993438356,1515361,1793376.910253835,1351216,1707077.0841304506,230105,184594.0269256736,6541863,6465315.23501398,44488,96408.08557830783
2024-10-06,44565973,58445210.38089706,25389059,34600743.414811224,9169266,13648784.501397114,1607623,1770748.7799840227,1413304,1711485.6724935232,237548,185041.76707700244,6701931,6430069.694713786,47242,98336.55042038554
2024-10-13,43730107,58444531.883137874,25117431,34560740.923075356,8595810,13681646.755837062,1624464,1774049.9498385983,1447622,1714309.3478995112,227141,185000.47395990134,6673584,6431419.96254305,44055,97364.46998439556
2024-10-20,44988633,58448171.72617258,25878763,34566862.785013855,9233931,13670503.33956408,1560150,1773640.0876723432,1412055,1711236.0135320127,234343,184951.2429684623,6622134,6443310.314611373,47257,97667.94281045752
